Erp Item Code,Item Id,Item Description,Location Id,Qty On Hand,Qty Reserved,Qty Available,Unit Of Measure,Par Level,Reorder Point,Reorder Required,Supplier Id,Estimated Stock Value Gbp
INS-710385,INV-INST-ARTHREX_CUFF_REPAIR_KIT,Arthrex Cuff Repair Kit,LOC-STOCK-01,1, 0 , 1 ,tray, 12 , 4 ,Y,SUP-ARTHREX,"GBP 1,770.31"
INS-860182,INV-INST-BICEPS_TENODESIS_KIT,Biceps Tenodesis Kit,LOC-STOCK-03,5,1, 4 ,tray, 2 ,1,No, SUP-STRYKER ,"GBP 19,200.50"
INS-387907,INV-INST-CPCS_TOTAL_HIP_SYSTEM,CPCS Total Hip System,LOC-STOCK-04,3, 1 ,2, tray , 14 ,4,Y,SUP-DEPUY,"GBP 9,320.91"
INS-603026,INV-INST-CASPAR_RETRACTOR_SYSTEM,Caspar Retractor System,LOC-STOCK-03,9, 0 , 9 ,tray,6,2,No,SUP-STRYKER,"GBP 30,221.10"
INS-212915,INV-INST-CONMED_POWERTOOLS,Conmed PowerTools,LOC-STOCK-05, 6 , 5 ,1,tray, 8 ,2,Yes,SUP-SN,"GBP 6,121.56"
 INS-540250 ,INV-INST-CONMED_POWERTOOLS_WITH_TRINKLE,Conmed PowerTools with Trinkle,LOC-STOCK-04,1, 1 ,0,tray,8,3,Y,SUP-STRYKER,"GBP 1,962.99"
INS-534059,INV-INST-DEPUY_SYNTHES_TFNA_INSTRUMENT_,DePuy Synthes TFNA Instrument Tray,LOC-STOCK-04, 1 ,0,1,tray, 4 , 2 ,Yes,SUP-DEPUY,"GBP 2,418.67"
 INS-104537 ,INV-INST-HAND_ARTHROPLASTY_SET,Hand Arthroplasty Set,LOC-STOCK-01, 1 ,1, 0 ,tray,8,2,Y, SUP-ARTHREX ,"GBP 1,783.25"
 INS-416554 ,INV-INST-HERAEUS_CEMENT_GUN,Heraeus Cement Gun,LOC-STOCK-04,6,3,3, tray ,7,3,Y,SUP-SN,"GBP 3,305.64"
INS-725688,INV-INST-JOURNEY_II_BCS_KNEE_SYSTEM,JOURNEY II BCS Knee System,LOC-STOCK-02, 2 ,2,0,tray,2,1,Yes,SUP-SN,"GBP 1,455.10"
INS-223302,INV-INST-JUG,Jug,LOC-STOCK-05,8, 3 ,5,tray,3,1,No,SUP-STRYKER,"GBP 26,700.80"
INS-455066,INV-INST-LARGE_ORTHOPAEDIC_SET,Large Orthopaedic Set,LOC-STOCK-01, 2 , 2 ,0,tray,2,1,Yes,SUP-ARTHREX,"GBP 6,245.40"
INS-978068,INV-INST-MEDACTA_SHOULDER_SYSTEM_MSS,Medacta Shoulder System (MSS),LOC-STOCK-04,1, 0 , 1 ,tray,15,6,Yes, SUP-ARTHREX ,"GBP 3,027.03"
INS-738778,INV-INST-MICRO_DISCECTOMY_CURETTES_SET,Micro-discectomy Curettes Set,LOC-STOCK-02, 1 ,0, 1 ,tray, 6 ,2,Yes,SUP-SN,"GBP 3,309.20"
INS-345214,INV-INST-MINOR_HAND_INSTRUMENT_SET,Minor Hand Instrument Set,LOC-STOCK-02, 6 , 5 ,1,tray,8,3,Y,SUP-STRYKER,"GBP 13,228.14"
INS-130616,INV-INST-SMALL_BONE_SET, Small Bone Set ,LOC-STOCK-02,10,4, 6 ,tray,7, 3 ,No,SUP-DEPUY,"GBP 21,085.80"
INS-702882,INV-INST-SMALL_JOINT_ARTHROSCOPY_SET,Small Joint Arthroscopy Set,LOC-STOCK-04,6,2,4,tray,11,5,Y,SUP-STRYKER,"GBP 9,970.38"
INS-804054,INV-INST-SMITH_NEPHEW_R3_ACETABULAR_SYS,Smith & Nephew R3 Acetabular System,LOC-STOCK-04, 3 ,3,0,tray,3,1,Y,SUP-SN,"GBP 7,019.49"
INS-265939,INV-INST-SPLASH_BOWL, Splash Bowl ,LOC-STOCK-04,2,0, 2 ,tray,14,5,Yes,SUP-SN,"GBP 4,517.26"
 INS-636208 ,INV-INST-SYNTHES_LARGE_FRAGMENT_SET,Synthes Large Fragment Set,LOC-STOCK-01,10,4,6,tray,4,1,N, SUP-DEPUY ,"GBP 29,661.40"
 INS-698409 ,INV-INST-SYNTHES_SMALL_FRAGMENT_SET,Synthes Small Fragment Set,LOC-STOCK-03, 6 , 1 ,5,tray,3,1,N,SUP-DEPUY,"GBP 23,146.74"
INS-746080,INV-INST-ZIMMER_BIOMET_COMPREHENSIVE_SH,Zimmer Biomet Comprehensive Shoulder System,LOC-STOCK-02,10,4, 6 , tray , 2 , 1 ,No,SUP-ZIMMER,"GBP 14,560.60"
EQU-843844,INV-EQUI-ARTHREX_SYNERGY_UHD4_IMAGING_C, Arthrex Synergy UHD4 Imaging Console ,LOC-STOCK-03,3,3,0,device,3,1,Yes,SUP-ARTHREX,"GBP 18,057.75"
EQU-721574,INV-EQUI-ARTHROSCOPY_STACK_SYSTEM_WITH_,Arthroscopy stack system with HD camera,LOC-STOCK-05,1,0,1,device,6,2,Yes,SUP-DEPUY,"GBP 3,720.67"
 EQU-969500 ,INV-EQUI-C_ARM_IMAGE_INTENSIFIER,C-Arm Image Intensifier,LOC-STOCK-03, 2 , 2 ,0,device,2, 1 ,Y, SUP-DEPUY ,"GBP 20,267.32"
 EQU-624991 ,INV-EQUI-CEMENT_VACUUM_FOOT_PUMP, Cement Vacuum Foot Pump ,LOC-STOCK-04,4, 2 ,2,device,2,1,No, SUP-DEPUY ,"GBP 10,783.12"
EQU-850094,INV-EQUI-CEMENT_VACUUM_FOOTPUMP,Cement Vacuum Footpump,LOC-STOCK-05, 0 , 0 , 0 , device , 4 , 1 ,Yes,SUP-DEPUY,GBP 0.00
EQU-431764,INV-EQUI-DIATHERMY_MACHINE,Diathermy Machine,LOC-STOCK-01, 2 , 1 , 1 ,device,2,1,Yes,SUP-STRYKER,"GBP 9,959.70"
EQU-118965,INV-EQUI-JACKSON_SPINAL_SURGERY_TABLE,Jackson Spinal Surgery Table,LOC-STOCK-01,4,4,0,device,2,1,Y,SUP-DEPUY,"GBP 21,627.96"
EQU-194607,INV-EQUI-MIDAS_REX_SPINE_SHAVER_DRILL,Midas Rex Spine Shaver / Drill,LOC-STOCK-01,3,1,2, device , 5 , 2 ,Y,SUP-MEDTRONIC,"GBP 5,995.74"
EQU-394875,INV-EQUI-STANDARD_DIATHERMY_MACHINE,Standard Diathermy Machine,LOC-STOCK-03,3, 0 , 3 ,device,4,1,N,SUP-SN,"GBP 14,934.54"
 EQU-105135 ,INV-EQUI-STRYKER_SMARTPUMP_TOURNIQUET_S, Stryker SmartPump Tourniquet System ,LOC-STOCK-03,1,0, 1 ,device, 2 ,1,Y,SUP-STRYKER,"GBP 1,847.21"
EQU-997622,INV-EQUI-STRYKER_SYSTEM_8_POWER_TOOL_KI,Stryker System 8 Power Tool Kit,LOC-STOCK-02, 1 , 1 ,0,device,2,1,Y,SUP-STRYKER,"GBP 8,022.96"
EQU-214109,INV-EQUI-SUCTION_MACHINE,Suction Machine,LOC-STOCK-02,1,1,0,device,3,1,Yes,SUP-DEPUY,"GBP 1,321.49"
DRA-518422,INV-DRAP-ANKLE_ARTHROSCOPY_DRAPE_PACK,Ankle Arthroscopy Drape Pack,LOC-STOCK-02,6,2, 4 ,pack, 11 , 5 ,Yes,SUP-UNISURGE,GBP 78.84
DRA-518422,INV-DRAP-ANKLE_ARTHROSCOPY_DRAPE_PACK,Ankle Arthroscopy Drape Pack,LOC-STOCK-01, 29 , 1 ,28,pack, 47 ,16,N, SUP-UNISURGE ,"GBP 1,541.93"
DRA-518422,INV-DRAP-ANKLE_ARTHROSCOPY_DRAPE_PACK, Ankle Arthroscopy Drape Pack ,LOC-STOCK-04,25,5,20, pack , 35 ,15,N,SUP-UNISURGE,GBP 555.50
DRA-851239,INV-DRAP-APPROACH_DRAPE, Approach Drape ,LOC-STOCK-01,18,4, 14 ,pack,31, 8 ,No,SUP-ZIMMER,"GBP 1,226.52"
DRA-851239,INV-DRAP-APPROACH_DRAPE,Approach Drape,LOC-STOCK-03,44,3,41, pack ,37,12,No, SUP-ZIMMER ,"GBP 2,103.64"
 DRA-851239 ,INV-DRAP-APPROACH_DRAPE,Approach Drape,LOC-STOCK-04, 41 ,4, 37 ,pack, 48 ,17,N,SUP-ZIMMER,"GBP 1,375.96"
DRA-626617,INV-DRAP-BROWN_STOCKINETTE_UNISURGE_15C,"Brown Stockinette (Unisurge, 15cm x 1.5m, REF: F825195)",LOC-STOCK-02, 28 ,3,25,pack, 7 , 2 ,No, SUP-ZIMMER ,GBP 983.36
DRA-783790,INV-DRAP-EXTREMITY_DRAPE,Extremity Drape,LOC-STOCK-01,21,0, 21 , pack , 9 ,3,No,SUP-NHS-SUPPLY,GBP 539.28
DRA-710083,INV-DRAP-HAND_AND_FOOT_APERTURE_DRAPE_P,Hand and Foot Aperture Drape Pack,LOC-STOCK-05,26, 4 ,22,pack,38, 15 ,No,SUP-UNISURGE,"GBP 1,447.16"
DRA-710083,INV-DRAP-HAND_AND_FOOT_APERTURE_DRAPE_P, Hand and Foot Aperture Drape Pack ,LOC-STOCK-01,28,4,24,pack,39, 16 ,N,SUP-UNISURGE,"GBP 2,186.24"
DRA-710083,INV-DRAP-HAND_AND_FOOT_APERTURE_DRAPE_P,Hand and Foot Aperture Drape Pack,LOC-STOCK-02, 28 , 2 , 26 ,pack, 6 ,2,No, SUP-UNISURGE ,GBP 951.44
DRA-710083,INV-DRAP-HAND_AND_FOOT_APERTURE_DRAPE_P,Hand and Foot Aperture Drape Pack,LOC-STOCK-04,21, 3 , 18 ,pack,32,10,N, SUP-UNISURGE ,"GBP 1,451.73"
DRA-347161,INV-DRAP-HIP_FRACTURE_DRAPE_PACK,Hip Fracture Drape Pack,LOC-STOCK-05,42,3,39, pack , 14 ,5,N,SUP-NHS-SUPPLY,GBP 832.02
DRA-347161,INV-DRAP-HIP_FRACTURE_DRAPE_PACK, Hip Fracture Drape Pack ,LOC-STOCK-04, 43 ,2,41,pack,9, 4 ,N,SUP-NHS-SUPPLY,"GBP 1,898.02"
DRA-454767,INV-DRAP-OPTAPE_X_1_USES_2_AROUND_THE_G,Optape x 1 (uses 2 around the glove on the ankle),LOC-STOCK-04,16,1, 15 ,pack,47, 16 ,Yes,SUP-NHS-SUPPLY,"GBP 1,318.56"
DRA-454767,INV-DRAP-OPTAPE_X_1_USES_2_AROUND_THE_G,Optape x 1 (uses 2 around the glove on the ankle),LOC-STOCK-05,35,1,34,pack,26,11,N,SUP-NHS-SUPPLY,"GBP 1,252.65"
DRA-698030,INV-DRAP-PLASTIC_U_DRAPE,Plastic U drape,LOC-STOCK-05,16,1,15,pack,28,9,N,SUP-ARTHREX,GBP 988.32
DRA-698030,INV-DRAP-PLASTIC_U_DRAPE, Plastic U drape ,LOC-STOCK-04, 17 ,2, 15 , pack , 20 ,7,No,SUP-ARTHREX,"GBP 1,235.56"
DRA-698030,INV-DRAP-PLASTIC_U_DRAPE,Plastic U drape,LOC-STOCK-03,44,2, 42 ,pack,24,6,No,SUP-ARTHREX,"GBP 2,643.52"
DRA-532869,INV-DRAP-REINFORCED_ADHESIVE_EDGE_DRAPE,Reinforced Adhesive Edge Drape (150x240cm) x 2 (For the side and the extension for the bottom),LOC-STOCK-05, 55 ,4,51,pack,31,13,N,SUP-SN,"GBP 2,693.90"
 DRA-720989 ,INV-DRAP-REINFORCED_SPLIT_SHEET_200X260,Reinforced Split Sheet (200x260cm),LOC-STOCK-05,6,5,1,pack,18,5,Yes,SUP-NHS-SUPPLY,GBP 355.26
DRA-720989,INV-DRAP-REINFORCED_SPLIT_SHEET_200X260,Reinforced Split Sheet (200x260cm),LOC-STOCK-02, 20 , 5 , 15 , pack ,14,5,N,SUP-NHS-SUPPLY,GBP 997.40
DRA-720989,INV-DRAP-REINFORCED_SPLIT_SHEET_200X260,Reinforced Split Sheet (200x260cm),LOC-STOCK-04,27,5, 22 ,pack, 10 ,3,No, SUP-NHS-SUPPLY ,"GBP 1,484.19"
DRA-941107,INV-DRAP-SHOULDER_ARTHROSCOPY_DRAPE_PAC,Shoulder Arthroscopy Drape Pack,LOC-STOCK-04, 22 , 0 ,22,pack,44, 12 ,N, SUP-ARTHREX ,"GBP 1,599.18"
DRA-941107,INV-DRAP-SHOULDER_ARTHROSCOPY_DRAPE_PAC,Shoulder Arthroscopy Drape Pack,LOC-STOCK-05,17, 2 ,15, pack ,38,15,Y,SUP-ARTHREX,GBP 794.92
DRA-941107,INV-DRAP-SHOULDER_ARTHROSCOPY_DRAPE_PAC, Shoulder Arthroscopy Drape Pack ,LOC-STOCK-03,8, 5 , 3 ,pack,29,11,Y,SUP-ARTHREX,GBP 163.20
DRA-439863,INV-DRAP-SHOULDER_SPLIT_SHEET_PACK,Shoulder Split Sheet Pack,LOC-STOCK-05,19, 4 ,15,pack, 10 , 3 ,No,SUP-SN,GBP 450.11
DRA-419954,INV-DRAP-SPINE_SURGICAL_DRAPE_PACK,Spine Surgical Drape Pack,LOC-STOCK-02,44,5,39, pack , 7 , 2 ,N,SUP-NHS-SUPPLY,"GBP 2,639.12"
DRA-419954,INV-DRAP-SPINE_SURGICAL_DRAPE_PACK,Spine Surgical Drape Pack,LOC-STOCK-04,16,3,13,pack, 28 ,8,N,SUP-NHS-SUPPLY,GBP 646.24
 DRA-419954 ,INV-DRAP-SPINE_SURGICAL_DRAPE_PACK,Spine Surgical Drape Pack,LOC-STOCK-05,43, 6 ,37,pack,19,5,N,SUP-NHS-SUPPLY,"GBP 1,102.95"
DRA-770198,INV-DRAP-TOTAL_HIP_DRAPE_PACK,Total Hip Drape Pack,LOC-STOCK-05,33,5,28, pack , 12 ,4,N,SUP-NHS-SUPPLY,"GBP 2,096.82"
DRA-918871,INV-DRAP-TOTAL_KNEE_ARTHROPLASTY_DRAPE_,Total Knee Arthroplasty Drape Pack,LOC-STOCK-02, 11 , 0 ,11,pack,40,10,No,SUP-UNISURGE,GBP 278.96
DRA-492540,INV-DRAP-UNIVERSAL_EXTREMITY_DRAPE_PACK,Universal Extremity Drape Pack,LOC-STOCK-04,70,6, 64 , pack , 29 ,11,N,SUP-UNISURGE,"GBP 3,327.10"
 DRA-492540 ,INV-DRAP-UNIVERSAL_EXTREMITY_DRAPE_PACK,Universal Extremity Drape Pack,LOC-STOCK-05,15, 3 , 12 ,pack,36,12,Yes,SUP-UNISURGE,GBP 496.20
DRA-492540,INV-DRAP-UNIVERSAL_EXTREMITY_DRAPE_PACK, Universal Extremity Drape Pack ,LOC-STOCK-03,7,3,4,pack, 50 , 15 ,Yes,SUP-UNISURGE,GBP 153.79
 DRA-629789 ,INV-DRAP-WATER_REPELLENT,Water Repellent,LOC-STOCK-03,18,2, 16 ,pack,34, 13 ,N, SUP-UNISURGE ,GBP 511.38
CON-266520,INV-CONS-ARTHROSCOPY_FLUID_3L,Arthroscopy Fluid 3L,LOC-STOCK-05,134,0, 134 , bottle , 40 ,11,No,SUP-DEPUY,"GBP 7,304.34"
CON-266520,INV-CONS-ARTHROSCOPY_FLUID_3L, Arthroscopy Fluid 3L ,LOC-STOCK-01,73,5,68,bottle, 62 ,26,N, SUP-DEPUY ,"GBP 3,071.11"
CON-266520,INV-CONS-ARTHROSCOPY_FLUID_3L, Arthroscopy Fluid 3L ,LOC-STOCK-03, 71 , 3 ,68,bottle, 223 , 69 ,Yes,SUP-DEPUY,"GBP 1,785.65"
 CON-266520 ,INV-CONS-ARTHROSCOPY_FLUID_3L, Arthroscopy Fluid 3L ,LOC-STOCK-02, 34 , 5 ,29,bottle,19,6,N,SUP-DEPUY,"GBP 1,902.64"
CON-757766,INV-CONS-BETADINE_PREP_SOLUTION, Betadine Prep Solution ,LOC-STOCK-02, 60 , 0 ,60,each,40, 12 ,No,SUP-NHS-SUPPLY,"GBP 3,255.60"
 CON-757766 ,INV-CONS-BETADINE_PREP_SOLUTION,Betadine Prep Solution,LOC-STOCK-03, 90 , 4 ,86,each,188, 68 ,No,SUP-NHS-SUPPLY,"GBP 2,302.20"
CON-757766,INV-CONS-BETADINE_PREP_SOLUTION, Betadine Prep Solution ,LOC-STOCK-01, 113 ,5, 108 ,each,167, 54 ,No,SUP-NHS-SUPPLY,"GBP 1,386.51"
CON-757766,INV-CONS-BETADINE_PREP_SOLUTION, Betadine Prep Solution ,LOC-STOCK-04,71,1,70,each,12, 4 ,N,SUP-NHS-SUPPLY,"GBP 3,902.16"
CON-450442,INV-CONS-BLADDER_SYRINGE,Bladder Syringe,LOC-STOCK-04,94,6, 88 ,pack,153,63,N,SUP-NHS-SUPPLY,"GBP 2,501.34"
CON-450442,INV-CONS-BLADDER_SYRINGE,Bladder Syringe,LOC-STOCK-01, 8 , 3 ,5, pack ,169,44,Yes, SUP-NHS-SUPPLY ,GBP 483.20
CON-450442,INV-CONS-BLADDER_SYRINGE,Bladder Syringe,LOC-STOCK-05,41, 3 , 38 ,pack,94, 37 ,No, SUP-NHS-SUPPLY ,"GBP 3,072.54"
 CON-546755 ,INV-CONS-BONE_CEMENT_MIXING_BOWL_KIT,Bone Cement Mixing Bowl Kit,LOC-STOCK-01,125, 1 , 124 , pack ,72,24,N,SUP-UNISURGE,"GBP 5,257.50"
CON-782658,INV-CONS-BONE_WAX,Bone Wax,LOC-STOCK-02, 85 , 0 ,85,pack, 79 ,29,N,SUP-STRYKER,"GBP 5,292.95"
CON-782658,INV-CONS-BONE_WAX,Bone Wax,LOC-STOCK-01, 50 ,5,45, pack ,41, 18 ,No,SUP-STRYKER,"GBP 1,460.00"
CON-165563,INV-CONS-CHLORHEXIDINE_2_APPLICATOR,Chlorhexidine 2% Applicator,LOC-STOCK-04,62,1,61, pack ,227, 79 ,Y,SUP-UNISURGE,"GBP 3,503.00"
CON-939628,INV-CONS-DIATHERMY_PENCIL,Diathermy Pencil,LOC-STOCK-01,129, 7 , 122 ,pack, 83 ,35,N,SUP-ZIMMER,"GBP 1,647.33"
CON-939628,INV-CONS-DIATHERMY_PENCIL, Diathermy Pencil ,LOC-STOCK-02,104, 8 , 96 ,pack,83,37,No,SUP-ZIMMER,"GBP 5,576.48"
 CON-473109 ,INV-CONS-DIATHERMY_TIP,Diathermy Tip,LOC-STOCK-04,158,3, 155 ,each,150,56,No,SUP-STRYKER,"GBP 4,747.90"
CON-586060,INV-CONS-ESCHMARK_BANDAGE,Eschmark Bandage,LOC-STOCK-05,149,5,144,box,151,57,No, SUP-NHS-SUPPLY ,"GBP 8,615.18"
CON-586060,INV-CONS-ESCHMARK_BANDAGE,Eschmark Bandage,LOC-STOCK-02, 138 , 3 , 135 , box , 189 ,81,No,SUP-NHS-SUPPLY,"GBP 3,898.50"
CON-586060,INV-CONS-ESCHMARK_BANDAGE,Eschmark Bandage,LOC-STOCK-04, 69 ,4, 65 ,box,88,39,N,SUP-NHS-SUPPLY,GBP 481.62
CON-932716,INV-CONS-GAUZE_SWABS_10X10,Gauze Swabs 10x10,LOC-STOCK-04, 289 ,9, 280 , each ,6,2,No,SUP-ZIMMER,"GBP 18,773.44"
CON-932716,INV-CONS-GAUZE_SWABS_10X10,Gauze Swabs 10x10,LOC-STOCK-03,11,0,11,each, 51 ,15,Y, SUP-ZIMMER ,GBP 964.26
CON-559710,INV-CONS-GAUZE_SWABS_5X5,Gauze Swabs 5x5,LOC-STOCK-05,28,1,27,each,116, 37 ,Yes, SUP-UNISURGE ,"GBP 1,429.96"
CON-559710,INV-CONS-GAUZE_SWABS_5X5,Gauze Swabs 5x5,LOC-STOCK-03, 24 ,3,21,each,212,62,Yes,SUP-UNISURGE,"GBP 1,665.84"
CON-877364,INV-CONS-IRRIGATION_FLUID_0_9_SALINE_1L,Irrigation Fluid 0.9% Saline 1L,LOC-STOCK-04,37, 4 ,33, bottle ,76,23,No,SUP-STRYKER,GBP 202.02
CON-877364,INV-CONS-IRRIGATION_FLUID_0_9_SALINE_1L,Irrigation Fluid 0.9% Saline 1L,LOC-STOCK-01,38, 1 ,37,bottle,23,8,No, SUP-STRYKER ,"GBP 2,535.36"
CON-319329,INV-CONS-IRRIGATION_FLUID_0_9_SALINE_3L,Irrigation Fluid 0.9% Saline 3L,LOC-STOCK-02,74,1,73,bottle,123,34,N, SUP-UNISURGE ,"GBP 5,275.46"
CON-319329,INV-CONS-IRRIGATION_FLUID_0_9_SALINE_3L,Irrigation Fluid 0.9% Saline 3L,LOC-STOCK-03,15,3, 12 ,bottle, 88 ,35,Yes,SUP-UNISURGE,GBP 390.30
CON-319329,INV-CONS-IRRIGATION_FLUID_0_9_SALINE_3L,Irrigation Fluid 0.9% Saline 3L,LOC-STOCK-04,27, 4 ,23,bottle,21, 6 ,No,SUP-UNISURGE,GBP 927.99
CON-468833,INV-CONS-LIGHT_HANDLE_COVERS, Light Handle Covers ,LOC-STOCK-05,34, 5 , 29 , pack ,143, 49 ,Yes,SUP-NHS-SUPPLY,GBP 380.12
CON-468833,INV-CONS-LIGHT_HANDLE_COVERS, Light Handle Covers ,LOC-STOCK-02,11, 3 ,8,pack,180,68,Y,SUP-NHS-SUPPLY,GBP 382.14
CON-528142,INV-CONS-LOCAL_ANAESTHETIC_SYRINGE,Local Anaesthetic Syringe,LOC-STOCK-02,115,1,114,pack,99, 34 ,N,SUP-UNISURGE,"GBP 4,564.35"
CON-461988,INV-CONS-PULSE_LAVAGE_TIP,Pulse Lavage Tip,LOC-STOCK-01, 136 ,1, 135 , box , 217 , 74 ,N,SUP-NHS-SUPPLY,"GBP 10,398.56"
CON-223035,INV-CONS-PUMP_TUBING,Pump Tubing,LOC-STOCK-03, 87 ,4, 83 ,box,173, 45 ,No,SUP-UNISURGE,"GBP 3,787.11"
CON-709173,INV-CONS-SAW_BLADE_CONMED_X_1_REF_5071_,Saw Blade (Conmed) x 1 Ref#5071-201,LOC-STOCK-04, 70 ,4, 66 ,box,127,50,N,SUP-NHS-SUPPLY,"GBP 6,463.10"
CON-709173,INV-CONS-SAW_BLADE_CONMED_X_1_REF_5071_,Saw Blade (Conmed) x 1 Ref#5071-201,LOC-STOCK-02,70, 3 , 67 ,box,102, 26 ,N,SUP-NHS-SUPPLY,GBP 176.40
CON-709173,INV-CONS-SAW_BLADE_CONMED_X_1_REF_5071_,Saw Blade (Conmed) x 1 Ref#5071-201,LOC-STOCK-03,10, 5 , 5 ,box,199,82,Yes,SUP-NHS-SUPPLY,GBP 359.00
 CON-304525 ,INV-CONS-SCALPEL_BLADE_10,Scalpel Blade #10,LOC-STOCK-04, 198 ,3, 195 ,box, 65 , 18 ,N,SUP-DEPUY,"GBP 13,400.64"
CON-444987,INV-CONS-SCALPEL_BLADE_15,Scalpel Blade #15,LOC-STOCK-01,108, 4 ,104,pack,14, 5 ,No,SUP-MEDTRONIC,GBP 664.20
CON-294289,INV-CONS-SHARPS_PAD,Sharps Pad,LOC-STOCK-04,88,5, 83 , each ,208,76,No,SUP-MEDTRONIC,"GBP 2,742.08"
CON-294289,INV-CONS-SHARPS_PAD,Sharps Pad,LOC-STOCK-02, 59 ,4, 55 ,each,84, 23 ,No,SUP-MEDTRONIC,GBP 624.22
CON-489282,INV-CONS-SKIN_MARKER_PEN,Skin Marker Pen,LOC-STOCK-05, 38 ,1,37,box, 112 ,35,N,SUP-NHS-SUPPLY,"GBP 1,636.66"
CON-489282,INV-CONS-SKIN_MARKER_PEN,Skin Marker Pen,LOC-STOCK-03,48,5,43,box, 14 ,4,N, SUP-NHS-SUPPLY ,"GBP 3,181.44"
CON-489282,INV-CONS-SKIN_MARKER_PEN,Skin Marker Pen,LOC-STOCK-01,45,1,44,box,66,27,No,SUP-NHS-SUPPLY,"GBP 4,140.45"
 CON-489282 ,INV-CONS-SKIN_MARKER_PEN,Skin Marker Pen,LOC-STOCK-02, 74 ,3, 71 , box ,69,21,N, SUP-NHS-SUPPLY ,"GBP 6,010.28"
CON-770641,INV-CONS-STERILE_GLOVES,Sterile Gloves,LOC-STOCK-01, 146 , 4 ,142,pair,35,9,No,SUP-NHS-SUPPLY,"GBP 11,523.78"
CON-272669,INV-CONS-STERILE_GLOVES_PAIR,Sterile Gloves (Pair),LOC-STOCK-02,121,2,119, pair ,89, 30 ,No,SUP-UNISURGE,"GBP 1,435.06"
CON-565597,INV-CONS-STERILE_GOWN,Sterile Gown,LOC-STOCK-04, 109 , 3 ,106,pack,20, 9 ,N,SUP-STRYKER,"GBP 7,082.82"
CON-565597,INV-CONS-STERILE_GOWN,Sterile Gown,LOC-STOCK-03,78, 1 ,77,pack,37,16,N,SUP-STRYKER,GBP 275.34
 CON-237071 ,INV-CONS-SUCTION_TUBING,Suction Tubing,LOC-STOCK-05,113,0,113,each, 129 , 41 ,N, SUP-NHS-SUPPLY ,GBP 967.28
CON-237071,INV-CONS-SUCTION_TUBING,Suction Tubing,LOC-STOCK-02,142,4,138, each ,47, 21 ,No,SUP-NHS-SUPPLY,"GBP 10,729.52"
CON-857627,INV-CONS-SUCTION_YANKAUER_TIP,Suction Yankauer Tip,LOC-STOCK-03,132,4,128,pack, 33 ,8,No,SUP-NHS-SUPPLY,"GBP 4,055.04"
CON-857627,INV-CONS-SUCTION_YANKAUER_TIP, Suction Yankauer Tip ,LOC-STOCK-01, 64 ,2,62,pack,141, 50 ,No,SUP-NHS-SUPPLY,GBP 371.20
CON-857627,INV-CONS-SUCTION_YANKAUER_TIP,Suction Yankauer Tip,LOC-STOCK-02,67, 1 ,66, pack , 8 ,2,No,SUP-NHS-SUPPLY,"GBP 4,186.83"
 CON-918808 ,INV-CONS-SURGICAL_PATTIES,Surgical Patties,LOC-STOCK-05,32,3, 29 ,box,236,75,Y,SUP-ZIMMER,"GBP 1,083.84"
CON-543217,INV-CONS-SUTURE_REMOVAL_KIT, Suture Removal Kit ,LOC-STOCK-05,99, 5 ,94,each,13,5,N,SUP-NHS-SUPPLY,"GBP 6,596.37"
CON-543217,INV-CONS-SUTURE_REMOVAL_KIT,Suture Removal Kit,LOC-STOCK-04,56,2,54,each,54, 22 ,No,SUP-NHS-SUPPLY,GBP 945.28
CON-649955,INV-CONS-SYRINGE_10ML,Syringe 10ml,LOC-STOCK-05,13,0,13,pack,56,16,Yes, SUP-DEPUY ,GBP 411.84
CON-676309,INV-CONS-SYRINGE_20ML,Syringe 20ml,LOC-STOCK-01,191,6,185, each , 88 ,36,No, SUP-DEPUY ,"GBP 10,663.53"
 CON-260264 ,INV-CONS-SYRINGE_50ML, Syringe 50ml ,LOC-STOCK-02, 42 ,3, 39 ,box,33,9,No,SUP-NHS-SUPPLY,"GBP 3,161.76"
CON-777492,INV-CONS-ULTRASOUND_GEL,Ultrasound Gel,LOC-STOCK-05, 151 ,2, 149 ,pack,23,9,No,SUP-NHS-SUPPLY,"GBP 3,231.40"
 CON-777492 ,INV-CONS-ULTRASOUND_GEL,Ultrasound Gel,LOC-STOCK-02, 83 ,5,78,pack, 98 , 35 ,No,SUP-NHS-SUPPLY,GBP 34.86
CON-777492,INV-CONS-ULTRASOUND_GEL,Ultrasound Gel,LOC-STOCK-01,76, 4 ,72,pack, 136 , 38 ,No,SUP-NHS-SUPPLY,"GBP 2,310.40"
DIS-482848,INV-DISP-ARTHROSCOPY_SHAVER_BLADE_4_0MM, Arthroscopy Shaver Blade 4.0mm ,LOC-STOCK-02, 27 ,2, 25 ,pack, 94 , 27 ,Y,SUP-DEPUY,"GBP 1,449.09"
DIS-769275,INV-DISP-ARTHROSCOPY_SHAVER_BLADE_5_5MM,Arthroscopy Shaver Blade 5.5mm,LOC-STOCK-02,61,0,61, box , 106 ,34,N,SUP-DEPUY,"GBP 6,303.13"
DIS-769275,INV-DISP-ARTHROSCOPY_SHAVER_BLADE_5_5MM, Arthroscopy Shaver Blade 5.5mm ,LOC-STOCK-04, 120 ,3,117,box, 79 , 20 ,N,SUP-DEPUY,"GBP 17,054.40"
 DIS-769275 ,INV-DISP-ARTHROSCOPY_SHAVER_BLADE_5_5MM,Arthroscopy Shaver Blade 5.5mm,LOC-STOCK-05,130,5, 125 ,box,14, 4 ,N,SUP-DEPUY,"GBP 9,016.80"
DIS-643995,INV-DISP-CEMENT_DELIVERY_GUN_NOZZLE,Cement Delivery Gun Nozzle,LOC-STOCK-01,74, 2 ,72,pack,116,45,N,SUP-STRYKER,"GBP 4,015.98"
DIS-335163,INV-DISP-CEMENT_MIXING_CARTRIDGE, Cement Mixing Cartridge ,LOC-STOCK-03,31,4,27,pack,195, 76 ,Y,SUP-STRYKER,"GBP 7,779.76"
DIS-886087,INV-DISP-DISPOSABLE_BURR_3_5MM,Disposable Burr 3.5mm,LOC-STOCK-01, 48 , 2 , 46 ,each,148,46,Y,SUP-STRYKER,"GBP 3,067.68"
 DIS-886087 ,INV-DISP-DISPOSABLE_BURR_3_5MM,Disposable Burr 3.5mm,LOC-STOCK-03,146,2,144, each ,76,29,No,SUP-STRYKER,"GBP 12,977.94"
DIS-159881,INV-DISP-DISPOSABLE_BURR_4_0MM,Disposable Burr 4.0mm,LOC-STOCK-02, 370 ,5, 365 ,each,98,43,No, SUP-DEPUY ,"GBP 3,344.80"
DIS-159881,INV-DISP-DISPOSABLE_BURR_4_0MM,Disposable Burr 4.0mm,LOC-STOCK-03,37,3,34,each,148,40,Yes,SUP-DEPUY,"GBP 5,035.70"
DIS-699199,INV-DISP-DISPOSABLE_CANNULA_SET,Disposable Cannula Set,LOC-STOCK-03,65,0,65, each ,89,28,N, SUP-SN ,"GBP 3,192.15"
DIS-699199,INV-DISP-DISPOSABLE_CANNULA_SET,Disposable Cannula Set,LOC-STOCK-04, 291 ,5, 286 ,each,136,60,No, SUP-SN ,"GBP 20,335.08"
 DIS-587999 ,INV-DISP-DISPOSABLE_DRILL_BIT_2_0MM, Disposable Drill Bit 2.0mm ,LOC-STOCK-05, 140 ,4,136,box,64,24,No,SUP-SN,"GBP 6,735.40"
DIS-235744,INV-DISP-DISPOSABLE_DRILL_BIT_2_5MM,Disposable Drill Bit 2.5mm,LOC-STOCK-01, 40 ,0, 40 ,each, 100 ,39,N,SUP-DEPUY,"GBP 11,072.40"
DIS-235744,INV-DISP-DISPOSABLE_DRILL_BIT_2_5MM,Disposable Drill Bit 2.5mm,LOC-STOCK-03,160,5, 155 ,each, 128 ,55,No,SUP-DEPUY,"GBP 41,065.60"
 DIS-170918 ,INV-DISP-DISPOSABLE_DRILL_BIT_3_2MM,Disposable Drill Bit 3.2mm,LOC-STOCK-03,91, 3 ,88, box ,135,36,N,SUP-DEPUY,"GBP 23,429.77"
DIS-170918,INV-DISP-DISPOSABLE_DRILL_BIT_3_2MM,Disposable Drill Bit 3.2mm,LOC-STOCK-01,148,1,147,box,34,12,No,SUP-DEPUY,"GBP 7,149.88"
DIS-170918,INV-DISP-DISPOSABLE_DRILL_BIT_3_2MM, Disposable Drill Bit 3.2mm ,LOC-STOCK-05,132,3,129, box ,45,14,N,SUP-DEPUY,"GBP 2,401.08"
DIS-863026,INV-DISP-DISPOSABLE_DRILL_BIT_4_5MM,Disposable Drill Bit 4.5mm,LOC-STOCK-01,213,4,209, pack , 113 ,31,N,SUP-SN,"GBP 41,709.66"
DIS-297425,INV-DISP-DISPOSABLE_FEMORAL_CANAL_BRUSH,Disposable Femoral Canal Brush,LOC-STOCK-04,84,2,82, box , 32 ,12,No,SUP-ARTHREX,"GBP 6,827.52"
 DIS-978257 ,INV-DISP-DISPOSABLE_REAMER_LARGE,Disposable Reamer – Large,LOC-STOCK-04, 249 ,8,241,each, 96 , 32 ,No,SUP-STRYKER,"GBP 60,726.12"
DIS-978257,INV-DISP-DISPOSABLE_REAMER_LARGE,Disposable Reamer – Large,LOC-STOCK-01,59,0,59,each,95, 28 ,No,SUP-STRYKER,"GBP 7,796.85"
DIS-846967,INV-DISP-DISPOSABLE_REAMER_SMALL,Disposable Reamer – Small,LOC-STOCK-05,126,5, 121 , box ,76, 25 ,N,SUP-ARTHREX,"GBP 32,644.08"
 DIS-846967 ,INV-DISP-DISPOSABLE_REAMER_SMALL, Disposable Reamer – Small ,LOC-STOCK-04, 160 ,3,157,box,77,30,No,SUP-ARTHREX,"GBP 26,820.80"
 DIS-188030 ,INV-DISP-DISPOSABLE_SAW_BLADE_OSCILLATI,Disposable Saw Blade – Oscillating,LOC-STOCK-03,111,3, 108 ,pack,163,55,No,SUP-ARTHREX,"GBP 2,387.61"
DIS-188030,INV-DISP-DISPOSABLE_SAW_BLADE_OSCILLATI,Disposable Saw Blade – Oscillating,LOC-STOCK-02,65,5, 60 ,pack,109,32,No,SUP-ARTHREX,"GBP 7,760.35"
 DIS-602690 ,INV-DISP-DISPOSABLE_SAW_BLADE_RECIPROCA,Disposable Saw Blade – Reciprocating,LOC-STOCK-05, 69 , 4 ,65, box , 36 ,14,No,SUP-DEPUY,"GBP 4,752.03"
DIS-188030,INV-DISP-DISPOSABLE_SAW_BLADE_OSCILLATI,Disposable Saw Blade – Oscillating,LOC-STOCK-04,97, 1 , 96 ,pack,94,35,N,SUP-ARTHREX,"GBP 13,089.18"
DIS-188030,INV-DISP-DISPOSABLE_SAW_BLADE_OSCILLATI, Disposable Saw Blade – Oscillating ,LOC-STOCK-01,157,4,153,pack,105,44,No,SUP-ARTHREX,"GBP 43,934.88"
DIS-602690,INV-DISP-DISPOSABLE_SAW_BLADE_RECIPROCA,Disposable Saw Blade – Reciprocating,LOC-STOCK-02,84, 4 ,80,box,48,16,No,SUP-DEPUY,"GBP 18,161.64"
DIS-602690,INV-DISP-DISPOSABLE_SAW_BLADE_RECIPROCA,Disposable Saw Blade – Reciprocating,LOC-STOCK-01,43,3, 40 , box ,45,17,N,SUP-DEPUY,"GBP 12,010.33"
DIS-921586,INV-DISP-DISPOSABLE_TROCAR_SET,Disposable Trocar Set,LOC-STOCK-03, 129 , 2 ,127,pack,97,37,N,SUP-ARTHREX,"GBP 30,695.55"
 DIS-921586 ,INV-DISP-DISPOSABLE_TROCAR_SET,Disposable Trocar Set,LOC-STOCK-02,128, 2 , 126 ,pack, 16 , 7 ,No,SUP-ARTHREX,"GBP 26,272.00"
DIS-203017,INV-DISP-GUIDE_WIRE, Guide Wire ,LOC-STOCK-02, 98 ,2,96,box, 235 , 89 ,No,SUP-STRYKER,"GBP 11,992.26"
DIS-203017,INV-DISP-GUIDE_WIRE,Guide Wire,LOC-STOCK-01,126, 0 ,126,box, 11 ,4,No,SUP-STRYKER,"GBP 30,701.16"
DIS-203017,INV-DISP-GUIDE_WIRE,Guide Wire,LOC-STOCK-05,57,5,52,box,139,46,N,SUP-STRYKER,"GBP 6,373.17"
DIS-731650,INV-DISP-K_WIRE_1_6MM,K-wire 1.6mm,LOC-STOCK-02,43,3,40,each,162, 47 ,Y, SUP-ARTHREX ,"GBP 11,890.36"
DIS-265239,INV-DISP-K_WIRE_2_0MM,K-wire 2.0mm,LOC-STOCK-04,28, 5 ,23,each, 80 ,33,Yes,SUP-ARTHREX,"GBP 7,738.36"
 DIS-265239 ,INV-DISP-K_WIRE_2_0MM,K-wire 2.0mm,LOC-STOCK-02, 108 ,4,104, each ,129, 56 ,No,SUP-ARTHREX,"GBP 17,793.00"
DIS-505247,INV-DISP-PULSE_LAVAGE_TIP,Pulse Lavage Tip,LOC-STOCK-02, 153 , 7 ,146,each, 153 ,56,No,SUP-ARTHREX,"GBP 40,762.26"
DIS-505247,INV-DISP-PULSE_LAVAGE_TIP,Pulse Lavage Tip,LOC-STOCK-03,158,0,158,each, 139 ,38,No,SUP-ARTHREX,"GBP 36,670.22"
 DIS-505247 ,INV-DISP-PULSE_LAVAGE_TIP,Pulse Lavage Tip,LOC-STOCK-05,160,3,157,each,55,24,N,SUP-ARTHREX,"GBP 39,924.80"
DIS-614200,INV-DISP-SCALPEL_BLADE_15, Scalpel Blade #15 ,LOC-STOCK-04,50,1, 49 ,each, 13 ,5,No,SUP-DEPUY,"GBP 3,451.00"
DIS-614200,INV-DISP-SCALPEL_BLADE_15,Scalpel Blade #15,LOC-STOCK-02,137,2, 135 ,each, 70 , 21 ,N, SUP-DEPUY ,"GBP 27,594.54"
 DIS-614200 ,INV-DISP-SCALPEL_BLADE_15,Scalpel Blade #15,LOC-STOCK-05,144, 4 ,140,each, 13 ,5,No,SUP-DEPUY,"GBP 40,111.20"
DIS-614200,INV-DISP-SCALPEL_BLADE_15,Scalpel Blade #15,LOC-STOCK-01, 20 ,3, 17 ,each,132, 52 ,Yes,SUP-DEPUY,"GBP 2,228.60"
DIS-316847,INV-DISP-STEINMANN_PIN_3_0MM,Steinmann Pin 3.0mm,LOC-STOCK-03,122,5, 117 ,box,109,39,N,SUP-DEPUY,"GBP 4,327.34"
 DIS-316847 ,INV-DISP-STEINMANN_PIN_3_0MM,Steinmann Pin 3.0mm,LOC-STOCK-04, 78 , 4 , 74 , box , 56 , 16 ,N,SUP-DEPUY,"GBP 11,477.70"
 DIS-459987 ,INV-DISP-STEINMANN_PIN_4_0MM,Steinmann Pin 4.0mm,LOC-STOCK-01, 95 ,7, 88 ,each,153,49,N,SUP-DEPUY,"GBP 18,047.15"
 DIS-459987 ,INV-DISP-STEINMANN_PIN_4_0MM, Steinmann Pin 4.0mm ,LOC-STOCK-03,33,1,32,each,86,39,Y,SUP-DEPUY,"GBP 4,363.92"
DIS-213773,INV-DISP-SURGICAL_PATTIES, Surgical Patties ,LOC-STOCK-01,76,2,74,each,29,8,No,SUP-SN,"GBP 4,388.24"
DIS-213773,INV-DISP-SURGICAL_PATTIES,Surgical Patties,LOC-STOCK-04,106,3,103, each , 9 ,4,No,SUP-SN,"GBP 19,555.94"
 DIS-213773 ,INV-DISP-SURGICAL_PATTIES,Surgical Patties,LOC-STOCK-02, 23 ,3,20,each,187,52,Yes,SUP-SN,"GBP 5,884.55"
IMP-694980,INV-IMPL-1ST_MTP_FUSION_PLATE,1st MTP Fusion Plate,LOC-STOCK-05,27, 6 , 21 , each ,5,2,N,SUP-ARTHREX,"GBP 162,282.15"
IMP-694980,INV-IMPL-1ST_MTP_FUSION_PLATE,1st MTP Fusion Plate,LOC-STOCK-03,8,5,3,each,21, 8 ,Yes, SUP-ARTHREX ,"GBP 31,171.12"
IMP-694980,INV-IMPL-1ST_MTP_FUSION_PLATE,1st MTP Fusion Plate,LOC-STOCK-02,12, 0 ,12,each,16,5,N, SUP-ARTHREX ,"GBP 51,682.80"
IMP-326485,INV-IMPL-ANATOMIC_TIBIA_LOCKING_PLATE_S, Anatomic Tibia Locking Plate Set ,LOC-STOCK-01, 22 ,6,16,each,15,5,N,SUP-DEPUY,"GBP 40,292.56"
IMP-326485,INV-IMPL-ANATOMIC_TIBIA_LOCKING_PLATE_S,Anatomic Tibia Locking Plate Set,LOC-STOCK-04,12,0,12,each, 9 ,3,No, SUP-DEPUY ,"GBP 38,081.16"
IMP-326485,INV-IMPL-ANATOMIC_TIBIA_LOCKING_PLATE_S,Anatomic Tibia Locking Plate Set,LOC-STOCK-03,14, 5 ,9,each,2, 1 ,No,SUP-DEPUY,"GBP 61,155.36"
IMP-626119,INV-IMPL-CPCS_STEM,CPCS Stem,LOC-STOCK-03,25,1, 24 ,each,9,3,No,SUP-DEPUY,"GBP 138,563.75"
IMP-413366,INV-IMPL-CERAMIC_HEAD_COMPONENT,Ceramic Head Component,LOC-STOCK-05,9, 5 , 4 ,each,20, 5 ,Y, SUP-ARTHREX ,"GBP 9,034.92"
IMP-830775,INV-IMPL-COMPRESSION_SCREWS,Compression Screws,LOC-STOCK-01, 13 ,1, 12 ,each,2,1,N,SUP-DEPUY,"GBP 14,203.67"
IMP-830775,INV-IMPL-COMPRESSION_SCREWS,Compression Screws,LOC-STOCK-03,6,0, 6 ,each, 4 ,2,N,SUP-DEPUY,"GBP 36,292.50"
IMP-831196,INV-IMPL-CORTICAL_SCREWS,Cortical Screws,LOC-STOCK-05,14,3, 11 ,each, 2 ,1,No, SUP-STRYKER ,"GBP 5,273.52"
IMP-767536,INV-IMPL-DISTAL_FIBULA_PLATE_SET,Distal Fibula Plate Set,LOC-STOCK-02,16,5,11,each,9,2,N,SUP-SN,"GBP 85,820.00"
IMP-767536,INV-IMPL-DISTAL_FIBULA_PLATE_SET,Distal Fibula Plate Set,LOC-STOCK-05, 20 , 5 ,15,each,2, 1 ,N,SUP-SN,"GBP 119,657.00"
IMP-767536,INV-IMPL-DISTAL_FIBULA_PLATE_SET, Distal Fibula Plate Set ,LOC-STOCK-04,9,1, 8 , each ,3,1,No,SUP-SN,"GBP 25,995.42"
IMP-768112,INV-IMPL-FEMORAL_COMPONENT,Femoral Component,LOC-STOCK-05, 18 , 5 ,13, each ,16,4,No, SUP-DEPUY ,"GBP 19,075.32"
 IMP-768112 ,INV-IMPL-FEMORAL_COMPONENT,Femoral Component,LOC-STOCK-02,1, 1 ,0,each, 11 ,3,Y,SUP-DEPUY,"GBP 4,552.85"
IMP-103107,INV-IMPL-FEMORAL_STEM_COMPONENT,Femoral Stem Component,LOC-STOCK-03, 1 ,0, 1 ,each,16,6,Y,SUP-ARTHREX,"GBP 4,139.07"
IMP-103107,INV-IMPL-FEMORAL_STEM_COMPONENT,Femoral Stem Component,LOC-STOCK-04,17,5, 12 ,each,10,4,N,SUP-ARTHREX,"GBP 36,022.66"
IMP-103107,INV-IMPL-FEMORAL_STEM_COMPONENT,Femoral Stem Component,LOC-STOCK-05,10,5, 5 ,each,8, 2 ,N, SUP-ARTHREX ,"GBP 18,957.50"
IMP-748674,INV-IMPL-GLENOID_BASE_COMPONENT, Glenoid Base Component ,LOC-STOCK-05,11, 5 ,6, each ,12, 4 ,No,SUP-STRYKER,"GBP 69,084.18"
IMP-748674,INV-IMPL-GLENOID_BASE_COMPONENT, Glenoid Base Component ,LOC-STOCK-02,1,0,1,each, 2 ,1,Y,SUP-STRYKER,"GBP 2,669.77"
IMP-895066,INV-IMPL-GLENOSPHERE_COMPONENT,Glenosphere Component,LOC-STOCK-01,24, 6 ,18, each , 12 ,5,N,SUP-STRYKER,"GBP 146,774.16"
IMP-895066,INV-IMPL-GLENOSPHERE_COMPONENT,Glenosphere Component,LOC-STOCK-04, 9 , 0 ,9,each, 2 , 1 ,N,SUP-STRYKER,"GBP 46,546.11"
IMP-514173,INV-IMPL-HUMERAL_STEM_COMPONENT,Humeral Stem Component,LOC-STOCK-03, 6 , 2 ,4,each,11,4,Y, SUP-DEPUY ,"GBP 10,160.64"
IMP-241240,INV-IMPL-HUMERAL_TRAY,Humeral Tray,LOC-STOCK-01,2,0,2,each, 6 ,2,Y, SUP-SN ,"GBP 3,656.28"
IMP-241240,INV-IMPL-HUMERAL_TRAY, Humeral Tray ,LOC-STOCK-03,1,1,0,each, 5 ,1,Y,SUP-SN,"GBP 1,928.03"
IMP-241240,INV-IMPL-HUMERAL_TRAY, Humeral Tray ,LOC-STOCK-05,11,3,8,each,8,3,N, SUP-SN ,"GBP 36,782.35"
IMP-938826,INV-IMPL-INTRAMEDULLARY_FEMORAL_NAIL,Intramedullary Femoral Nail,LOC-STOCK-02,3,0,3,each,14,4,Y,SUP-ARTHREX,"GBP 14,830.14"
IMP-938826,INV-IMPL-INTRAMEDULLARY_FEMORAL_NAIL,Intramedullary Femoral Nail,LOC-STOCK-01,1,0,1,each, 8 , 3 ,Yes,SUP-ARTHREX,"GBP 5,234.42"
IMP-633470,INV-IMPL-LAG_SCREW_KIT,Lag Screw Kit,LOC-STOCK-04,14, 0 ,14,each, 2 ,1,No,SUP-STRYKER,"GBP 38,436.16"
IMP-633470,INV-IMPL-LAG_SCREW_KIT,Lag Screw Kit,LOC-STOCK-05, 2 ,1,1,each,5,2,Yes, SUP-STRYKER ,"GBP 12,114.98"
 IMP-751256 ,INV-IMPL-MALLEOLAR_SCREWS,Malleolar Screws,LOC-STOCK-04,14,3,11,each, 20 , 7 ,N,SUP-ARTHREX,"GBP 18,359.46"
IMP-751256,INV-IMPL-MALLEOLAR_SCREWS,Malleolar Screws,LOC-STOCK-03,17,2, 15 ,each,10,3,N,SUP-ARTHREX,"GBP 76,760.61"
IMP-751256,INV-IMPL-MALLEOLAR_SCREWS,Malleolar Screws,LOC-STOCK-02,17, 0 ,17,each,4,2,N,SUP-ARTHREX,"GBP 65,827.74"
IMP-994358,INV-IMPL-POLYETHYLENE_INSERT,Polyethylene Insert,LOC-STOCK-02,11, 1 ,10,each,7,2,No,SUP-SN,"GBP 14,738.57"
IMP-739782,INV-IMPL-R3_ACETABULAR_CUP_COMPONENT,R3 Acetabular Cup Component,LOC-STOCK-01, 18 ,5,13,each, 2 ,1,No,SUP-SN,"GBP 67,147.92"
 IMP-739782 ,INV-IMPL-R3_ACETABULAR_CUP_COMPONENT,R3 Acetabular Cup Component,LOC-STOCK-05, 6 ,2,4, each ,14, 6 ,Yes,SUP-SN,"GBP 6,831.12"
 IMP-739782 ,INV-IMPL-R3_ACETABULAR_CUP_COMPONENT, R3 Acetabular Cup Component ,LOC-STOCK-02,2, 1 , 1 , each ,14,5,Yes, SUP-SN ,"GBP 4,738.66"
IMP-319009,INV-IMPL-SUTURETAPE_ANCHORS,SutureTape Anchors,LOC-STOCK-04,10,2,8,each,13,4,N,SUP-SN,"GBP 18,639.80"
IMP-319009,INV-IMPL-SUTURETAPE_ANCHORS, SutureTape Anchors ,LOC-STOCK-03,8, 3 , 5 ,each,8,3,No,SUP-SN,"GBP 25,572.16"
IMP-576685,INV-IMPL-SWIVELOCK_ANCHORS, SwiveLock Anchors ,LOC-STOCK-03, 2 ,2,0,each,14,4,Y, SUP-ARTHREX ,"GBP 3,116.12"
IMP-576685,INV-IMPL-SWIVELOCK_ANCHORS,SwiveLock Anchors,LOC-STOCK-05,14,3,11,each,21,5,No,SUP-ARTHREX,"GBP 71,128.12"
IMP-576685,INV-IMPL-SWIVELOCK_ANCHORS, SwiveLock Anchors ,LOC-STOCK-04,17, 2 ,15,each,21,9,No, SUP-ARTHREX ,"GBP 46,985.62"
IMP-320487,INV-IMPL-TENODESIS_SCREW,Tenodesis Screw,LOC-STOCK-05,5,1,4, each ,16,6,Y, SUP-ARTHREX ,"GBP 7,258.70"
IMP-320487,INV-IMPL-TENODESIS_SCREW,Tenodesis Screw,LOC-STOCK-03,15, 3 ,12,each,7,2,No,SUP-ARTHREX,"GBP 26,628.90"
IMP-835265,INV-IMPL-TIBIAL_BASEPLATE,Tibial Baseplate,LOC-STOCK-03,32,7,25,each,3, 1 ,N, SUP-ARTHREX ,"GBP 184,689.28"
IMP-747591,INV-IMPL-TRAPEZIATOME_SPACER,Trapeziatome Spacer,LOC-STOCK-05,2,0,2, each ,19,8,Y,SUP-ARTHREX,"GBP 7,051.38"
IMP-747591,INV-IMPL-TRAPEZIATOME_SPACER,Trapeziatome Spacer,LOC-STOCK-02,5, 5 , 0 ,each,25,9,Y,SUP-ARTHREX,"GBP 8,833.15"
 IMP-747591 ,INV-IMPL-TRAPEZIATOME_SPACER, Trapeziatome Spacer ,LOC-STOCK-04,15,5, 10 ,each,5, 1 ,N,SUP-ARTHREX,"GBP 82,127.85"
SUT-956961,INV-SUTU-CLIPS,Clips,LOC-STOCK-02, 26 ,4, 22 ,box, 10 , 3 ,No,SUP-NHS-SUPPLY,GBP 171.60
SUT-806562,INV-SUTU-ETHIBOND_EXCEL_2, Ethibond Excel #2 ,LOC-STOCK-05,29, 4 ,25,box,20,8,No,SUP-SN,"GBP 1,634.15"
SUT-924162,INV-SUTU-ETHIBOND_EXCEL_5,Ethibond Excel #5,LOC-STOCK-04,83, 1 ,82,box,41, 13 ,N,SUP-NHS-SUPPLY,"GBP 1,347.92"
SUT-924162,INV-SUTU-ETHIBOND_EXCEL_5,Ethibond Excel #5,LOC-STOCK-05,29,4,25,box,19,7,No, SUP-NHS-SUPPLY ,GBP 540.85
SUT-924162,INV-SUTU-ETHIBOND_EXCEL_5,Ethibond Excel #5,LOC-STOCK-02,14,3,11,box,20,8,No,SUP-NHS-SUPPLY,GBP 161.98
SUT-994297,INV-SUTU-ETHILON_3_0,Ethilon 3-0,LOC-STOCK-02,85,8,77,box, 51 ,19,N,SUP-NHS-SUPPLY,"GBP 3,110.15"
SUT-994297,INV-SUTU-ETHILON_3_0,Ethilon 3-0,LOC-STOCK-01, 132 , 5 , 127 ,box,14, 5 ,N,SUP-NHS-SUPPLY,"GBP 3,623.40"
SUT-889284,INV-SUTU-ETHILON_4_0,Ethilon 4-0,LOC-STOCK-03,58,0, 58 ,box,68,29,N, SUP-UNISURGE ,"GBP 2,461.52"
 SUT-889284 ,INV-SUTU-ETHILON_4_0,Ethilon 4-0,LOC-STOCK-04,6,1,5,box,109,31,Y, SUP-UNISURGE ,GBP 247.80
 SUT-889284 ,INV-SUTU-ETHILON_4_0, Ethilon 4-0 ,LOC-STOCK-05,60, 2 ,58, box ,26, 8 ,No,SUP-UNISURGE,"GBP 3,014.40"
SUT-133813,INV-SUTU-FIBERTAPE_2MM,FiberTape 2mm,LOC-STOCK-02,77,9, 68 ,box,82,22,N, SUP-UNISURGE ,"GBP 3,575.11"
SUT-133813,INV-SUTU-FIBERTAPE_2MM,FiberTape 2mm,LOC-STOCK-03,67,4,63,box,97, 30 ,No,SUP-UNISURGE,"GBP 1,535.64"
SUT-455452,INV-SUTU-FIBERWIRE_2,FiberWire #2,LOC-STOCK-05,76,5,71, box ,78, 30 ,N,SUP-UNISURGE,"GBP 3,215.56"
 SUT-455452 ,INV-SUTU-FIBERWIRE_2,FiberWire #2,LOC-STOCK-02,17, 4 ,13,box,40, 16 ,Yes, SUP-UNISURGE ,GBP 472.43
SUT-455452,INV-SUTU-FIBERWIRE_2,FiberWire #2,LOC-STOCK-01, 165 ,4, 161 ,box, 56 ,18,N,SUP-UNISURGE,"GBP 8,957.85"
SUT-887676,INV-SUTU-FIBERWIRE_5,FiberWire #5,LOC-STOCK-03,72,0, 72 , box , 77 ,23,No,SUP-ARTHREX,"GBP 3,343.68"
 SUT-887676 ,INV-SUTU-FIBERWIRE_5,FiberWire #5,LOC-STOCK-01, 27 , 1 ,26,box,30, 8 ,N,SUP-ARTHREX,"GBP 1,067.58"
 SUT-491334 ,INV-SUTU-MONOCRYL_3_0,Monocryl 3-0,LOC-STOCK-04, 120 ,1,119,box,38,11,N,SUP-UNISURGE,"GBP 3,864.00"
SUT-491334,INV-SUTU-MONOCRYL_3_0,Monocryl 3-0,LOC-STOCK-05,77, 2 , 75 ,box, 48 ,17,N, SUP-UNISURGE ,"GBP 4,315.08"
 SUT-698312 ,INV-SUTU-MONOCRYL_4_0,Monocryl 4-0,LOC-STOCK-03,43,4,39,box, 50 ,19,N,SUP-ARTHREX,"GBP 2,394.24"
 SUT-365867 ,INV-SUTU-MONOCRYL_5_0,Monocryl 5-0,LOC-STOCK-05,54, 1 , 53 ,box,82,22,No,SUP-NHS-SUPPLY,"GBP 2,431.08"
SUT-365867,INV-SUTU-MONOCRYL_5_0, Monocryl 5-0 ,LOC-STOCK-04, 55 ,6,49,box,10,4,No, SUP-NHS-SUPPLY ,GBP 446.05
SUT-566420,INV-SUTU-NYLON_3_0, Nylon 3-0 ,LOC-STOCK-01, 49 ,1,48, box , 39 ,14,N,SUP-ZIMMER,"GBP 1,470.00"
 SUT-566420 ,INV-SUTU-NYLON_3_0,Nylon 3-0,LOC-STOCK-04, 30 , 1 , 29 , box , 9 , 3 ,N,SUP-ZIMMER,GBP 512.10
 SUT-566420 ,INV-SUTU-NYLON_3_0,Nylon 3-0,LOC-STOCK-05,37,1, 36 ,box,30,9,N,SUP-ZIMMER,"GBP 1,708.29"
SUT-765664,INV-SUTU-NYLON_4_0, Nylon 4-0 ,LOC-STOCK-01,75, 3 ,72,box,66, 23 ,No,SUP-UNISURGE,"GBP 1,827.00"
SUT-765664,INV-SUTU-NYLON_4_0, Nylon 4-0 ,LOC-STOCK-02, 68 , 4 , 64 ,box,73,24,N,SUP-UNISURGE,"GBP 1,325.32"
 SUT-765664 ,INV-SUTU-NYLON_4_0,Nylon 4-0,LOC-STOCK-04,60, 0 ,60, box ,16, 4 ,N, SUP-UNISURGE ,"GBP 1,882.80"
SUT-765664,INV-SUTU-NYLON_4_0, Nylon 4-0 ,LOC-STOCK-05,21,2, 19 ,box,48, 17 ,No,SUP-UNISURGE,GBP 868.77
 SUT-820698 ,INV-SUTU-PDS_II_0,PDS II 0,LOC-STOCK-03, 131 , 3 ,128, box , 48 ,15,No,SUP-NHS-SUPPLY,"GBP 1,900.81"
 SUT-456828 ,INV-SUTU-PDS_II_1,PDS II 1,LOC-STOCK-04,66, 4 ,62,box,16,7,No,SUP-UNISURGE,GBP 760.32
 SUT-456828 ,INV-SUTU-PDS_II_1,PDS II 1,LOC-STOCK-02,40, 3 , 37 ,box,16, 7 ,N,SUP-UNISURGE,"GBP 2,012.40"
SUT-498087,INV-SUTU-PDS_II_2_0,PDS II 2-0,LOC-STOCK-05,38, 0 ,38,box,33,11,N,SUP-UNISURGE,GBP 980.78
SUT-498087,INV-SUTU-PDS_II_2_0,PDS II 2-0,LOC-STOCK-01, 66 ,5,61,box,54,15,N,SUP-UNISURGE,"GBP 1,478.40"
SUT-498087,INV-SUTU-PDS_II_2_0, PDS II 2-0 ,LOC-STOCK-03,38,3, 35 ,box, 17 ,6,N,SUP-UNISURGE,GBP 417.62
SUT-582540,INV-SUTU-PROLENE_3_0,Prolene 3-0,LOC-STOCK-02,74,2, 72 ,box,57, 24 ,N,SUP-UNISURGE,"GBP 1,739.00"
SUT-582540,INV-SUTU-PROLENE_3_0,Prolene 3-0,LOC-STOCK-01,63,4,59,box,55, 23 ,N, SUP-UNISURGE ,"GBP 1,249.29"
SUT-425320,INV-SUTU-PROLENE_4_0,Prolene 4-0,LOC-STOCK-04, 49 , 4 ,45,box,83,23,No,SUP-STRYKER,"GBP 1,718.92"
SUT-425320,INV-SUTU-PROLENE_4_0,Prolene 4-0,LOC-STOCK-03,46,2, 44 ,box,19, 9 ,No,SUP-STRYKER,"GBP 1,955.46"
SUT-166801,INV-SUTU-SUTURETAPE_1_3MM,SutureTape 1.3mm,LOC-STOCK-05,52, 3 ,49,box,39, 10 ,N,SUP-NHS-SUPPLY,"GBP 1,385.80"
SUT-166801,INV-SUTU-SUTURETAPE_1_3MM,SutureTape 1.3mm,LOC-STOCK-01,38,1,37,box,93, 33 ,N,SUP-NHS-SUPPLY,GBP 978.12
SUT-166801,INV-SUTU-SUTURETAPE_1_3MM,SutureTape 1.3mm,LOC-STOCK-04, 9 ,0,9,box,99, 25 ,Yes,SUP-NHS-SUPPLY,GBP 90.54
SUT-166801,INV-SUTU-SUTURETAPE_1_3MM,SutureTape 1.3mm,LOC-STOCK-03,55, 1 ,54,box, 32 , 13 ,No,SUP-NHS-SUPPLY,"GBP 2,417.80"
SUT-633543,INV-SUTU-TI_CRON_2, Ti-Cron #2 ,LOC-STOCK-01,27,5, 22 ,box,11,3,No,SUP-UNISURGE,GBP 636.93
SUT-633543,INV-SUTU-TI_CRON_2,Ti-Cron #2,LOC-STOCK-03, 75 , 3 , 72 ,box,76,29,N, SUP-UNISURGE ,GBP 879.75
SUT-576020,INV-SUTU-TIGERWIRE_2,TigerWire #2,LOC-STOCK-04,95, 7 ,88,box,55, 20 ,N, SUP-UNISURGE ,"GBP 3,677.45"
SUT-576020,INV-SUTU-TIGERWIRE_2, TigerWire #2 ,LOC-STOCK-03,84, 4 , 80 , box , 10 ,3,No,SUP-UNISURGE,"GBP 2,782.92"
SUT-338007,INV-SUTU-VICRYL_0,Vicryl 0,LOC-STOCK-04,61, 1 ,60,box, 9 , 4 ,N,SUP-UNISURGE,"GBP 2,607.75"
SUT-338007,INV-SUTU-VICRYL_0,Vicryl 0,LOC-STOCK-01,39,5, 34 ,box, 9 ,3,N, SUP-UNISURGE ,GBP 675.48
 SUT-255326 ,INV-SUTU-VICRYL_1,Vicryl 1,LOC-STOCK-03, 74 ,1,73, box ,5,1,No,SUP-ZIMMER,"GBP 3,711.84"
 SUT-255326 ,INV-SUTU-VICRYL_1,Vicryl 1,LOC-STOCK-05,76, 3 ,73,box,64,17,N,SUP-ZIMMER,"GBP 3,190.48"
SUT-478642,INV-SUTU-VICRYL_2_0, Vicryl 2-0 ,LOC-STOCK-02, 7 , 1 , 6 ,box, 65 ,24,Y,SUP-UNISURGE,GBP 37.03
SUT-478642,INV-SUTU-VICRYL_2_0, Vicryl 2-0 ,LOC-STOCK-03, 69 , 5 ,64,box, 14 ,5,No,SUP-UNISURGE,"GBP 3,231.96"
SUT-593837,INV-SUTU-VICRYL_3_0,Vicryl 3-0,LOC-STOCK-01,56,3,53, box ,69,28,No,SUP-SN,GBP 796.32
SUT-593837,INV-SUTU-VICRYL_3_0, Vicryl 3-0 ,LOC-STOCK-04,37,3, 34 ,box,56,23,No,SUP-SN,GBP 655.64
 DRE-897387 ,INV-DRES-ADAPTIC,Adaptic,LOC-STOCK-02, 84 ,4,80, each ,53, 24 ,N,SUP-SN,"GBP 2,444.40"
DRE-897387,INV-DRES-ADAPTIC,Adaptic,LOC-STOCK-05,11, 0 ,11, each ,91,29,Yes,SUP-SN,GBP 129.36
DRE-897387,INV-DRES-ADAPTIC,Adaptic,LOC-STOCK-01,80, 1 , 79 , each ,45, 17 ,N,SUP-SN,GBP 148.80
 DRE-388006 ,INV-DRES-AQUACEL_AG,Aquacel Ag,LOC-STOCK-01,66,6, 60 ,each, 32 , 10 ,N,SUP-NHS-SUPPLY,"GBP 1,435.50"
DRE-388006,INV-DRES-AQUACEL_AG,Aquacel Ag,LOC-STOCK-05,46, 5 ,41,each,45,15,N,SUP-NHS-SUPPLY,"GBP 1,478.90"
DRE-388006,INV-DRES-AQUACEL_AG,Aquacel Ag,LOC-STOCK-03,54, 1 , 53 ,each,28, 12 ,N,SUP-NHS-SUPPLY,GBP 629.10
DRE-896013,INV-DRES-AQUACEL_SURGICAL,Aquacel Surgical,LOC-STOCK-02, 153 , 6 ,147,box,8,3,N,SUP-MEDTRONIC,"GBP 3,598.56"
DRE-896013,INV-DRES-AQUACEL_SURGICAL,Aquacel Surgical,LOC-STOCK-05,82,0,82, box ,82,23,N, SUP-MEDTRONIC ,"GBP 1,886.82"
DRE-896013,INV-DRES-AQUACEL_SURGICAL,Aquacel Surgical,LOC-STOCK-04,52,5, 47 ,box,46,12,No,SUP-MEDTRONIC,"GBP 1,143.48"
 DRE-531687 ,INV-DRES-CREPE_BANDAGE,Crepe Bandage,LOC-STOCK-02,76,2,74,each, 22 , 8 ,No, SUP-ZIMMER ,"GBP 1,107.32"
DRE-531687,INV-DRES-CREPE_BANDAGE,Crepe Bandage,LOC-STOCK-01,14,1, 13 , each , 43 , 18 ,Yes,SUP-ZIMMER,GBP 122.22
DRE-508811,INV-DRES-JELONET,Jelonet,LOC-STOCK-05,10,3,7, pack , 85 , 25 ,Y,SUP-UNISURGE,GBP 281.50
DRE-910266,INV-DRES-MELOLIN,Melolin,LOC-STOCK-01, 83 , 1 ,82,box,45, 15 ,N,SUP-ZIMMER,"GBP 2,328.98"
DRE-910266,INV-DRES-MELOLIN, Melolin ,LOC-STOCK-05,52,3, 49 ,box, 34 ,9,N,SUP-ZIMMER,"GBP 1,809.08"
DRE-910266,INV-DRES-MELOLIN,Melolin,LOC-STOCK-03, 15 ,1, 14 , box ,38, 14 ,Y,SUP-ZIMMER,GBP 606.00
DRE-864355,INV-DRES-MEPITEL,Mepitel,LOC-STOCK-05,49, 6 ,43,pack, 21 ,9,N,SUP-STRYKER,"GBP 1,204.91"
DRE-133664,INV-DRES-MEPORE,Mepore,LOC-STOCK-04,76, 2 ,74,pack,51, 18 ,N,SUP-ARTHREX,"GBP 2,137.88"
DRE-794110,INV-DRES-OPSITE_FLEXIFIX,Opsite Flexifix,LOC-STOCK-03, 76 ,2,74,pack, 22 , 8 ,No,SUP-UNISURGE,"GBP 1,383.20"
DRE-794110,INV-DRES-OPSITE_FLEXIFIX,Opsite Flexifix,LOC-STOCK-02,83,4,79,pack, 22 , 9 ,N,SUP-UNISURGE,GBP 843.28
DRE-794110,INV-DRES-OPSITE_FLEXIFIX,Opsite Flexifix,LOC-STOCK-04,63,0, 63 ,pack,83,28,N,SUP-UNISURGE,"GBP 1,947.96"
 DRE-794110 ,INV-DRES-OPSITE_FLEXIFIX,Opsite Flexifix,LOC-STOCK-01,44,1,43,pack,28,8,No,SUP-UNISURGE,GBP 448.80
DRE-764106,INV-DRES-OPSITE_POST_OP,Opsite Post-Op,LOC-STOCK-05, 79 ,0, 79 ,box,32, 14 ,No, SUP-ZIMMER ,GBP 239.37
DRE-764106,INV-DRES-OPSITE_POST_OP,Opsite Post-Op,LOC-STOCK-02,80,2,78,box, 72 , 20 ,N,SUP-ZIMMER,"GBP 2,748.00"
 DRE-764106 ,INV-DRES-OPSITE_POST_OP,Opsite Post-Op,LOC-STOCK-01,33, 2 , 31 ,box, 7 ,2,No,SUP-ZIMMER,"GBP 1,109.13"
DRE-920218,INV-DRES-PRIMAPORE, Primapore ,LOC-STOCK-05, 10 ,0,10,pack, 33 ,10,Yes,SUP-SN,GBP 330.90
DRE-718184,INV-DRES-STERI_STRIPS_12MM,Steri-Strips 12mm,LOC-STOCK-02, 55 ,10, 45 ,each, 41 , 16 ,N,SUP-NHS-SUPPLY,"GBP 1,974.50"
DRE-718184,INV-DRES-STERI_STRIPS_12MM,Steri-Strips 12mm,LOC-STOCK-03,12,0, 12 ,each, 57 , 23 ,Yes,SUP-NHS-SUPPLY,GBP 173.16
DRE-718184,INV-DRES-STERI_STRIPS_12MM,Steri-Strips 12mm,LOC-STOCK-01,70, 3 , 67 , each , 76 , 20 ,N, SUP-NHS-SUPPLY ,GBP 926.80
DRE-546584,INV-DRES-STERI_STRIPS_6MM, Steri-Strips 6mm ,LOC-STOCK-01,79,3,76,each, 48 ,18,No,SUP-MEDTRONIC,GBP 958.27
DRE-546584,INV-DRES-STERI_STRIPS_6MM,Steri-Strips 6mm,LOC-STOCK-02, 22 , 4 , 18 , each ,48,19,Y, SUP-MEDTRONIC ,GBP 209.44
 DRE-550009 ,INV-DRES-TEGADERM_FOAM,Tegaderm Foam,LOC-STOCK-02,73,0, 73 ,box,39,11,No, SUP-ZIMMER ,GBP 896.44
DRE-550009,INV-DRES-TEGADERM_FOAM,Tegaderm Foam,LOC-STOCK-01, 17 , 3 ,14,box,24, 10 ,N, SUP-ZIMMER ,GBP 317.05
DRE-731072,INV-DRES-TUBIGRIP_SIZE_B,Tubigrip Size B,LOC-STOCK-03,9,2,7, each , 30 ,9,Y,SUP-STRYKER,GBP 238.14
DRE-731072,INV-DRES-TUBIGRIP_SIZE_B,Tubigrip Size B,LOC-STOCK-02,120,4,116,each, 78 , 20 ,N,SUP-STRYKER,GBP 938.40
DRE-581494,INV-DRES-TUBIGRIP_SIZE_C, Tubigrip Size C ,LOC-STOCK-05,32,1,31,each,45, 20 ,No,SUP-STRYKER,GBP 756.16
DRE-581494,INV-DRES-TUBIGRIP_SIZE_C,Tubigrip Size C,LOC-STOCK-01, 24 , 4 ,20,each,50, 16 ,No,SUP-STRYKER,GBP 916.56
DRE-581494,INV-DRES-TUBIGRIP_SIZE_C,Tubigrip Size C,LOC-STOCK-02,42,5,37, each , 84 ,32,N,SUP-STRYKER,"GBP 1,114.26"
DRE-581494,INV-DRES-TUBIGRIP_SIZE_C, Tubigrip Size C ,LOC-STOCK-04,14,2, 12 , each , 32 ,9,N,SUP-STRYKER,GBP 396.90
 DRE-519514 ,INV-DRES-WOOL_AND_CREPE,Wool and Crepe,LOC-STOCK-02, 55 ,4,51,pack, 51 , 14 ,No,SUP-MEDTRONIC,"GBP 2,257.75"
