item_id,canonical_name,item_type,clinical_category,manufacturer,supplier_id,supplier_name,catalogue_number,barcode_gtin,unit_of_measure,sterile_required,single_use,implantable,controlled_item,active_status,source_profile_count,related_procedures
INV-INST-ARTHREX_CUFF_REPAIR_KIT,Arthrex Cuff Repair Kit,instrument,Instrument trays,Arthrex,SUP-ARTHREX,Arthrex,INS-710385,05052601815908,tray,True,False,False,False,active,1,Arthroscopic Rotator Cuff Repair
INV-INST-BICEPS_TENODESIS_KIT,Biceps Tenodesis Kit,instrument,Instrument trays,DePuy Synthes,SUP-DEPUY,DePuy Synthes,INS-860182,05001661318609,tray,True,False,False,False,active,1,Arthroscopic Biceps Tenodesis
INV-INST-CPCS_TOTAL_HIP_SYSTEM,CPCS Total Hip System,instrument,Instrument trays,Stryker,SUP-STRYKER,Stryker UK,INS-387907,05039099603082,tray,True,False,False,False,active,1,Total Hip Replacement (Cemented)
INV-INST-CASPAR_RETRACTOR_SYSTEM,Caspar Retractor System,instrument,Instrument trays,Arthrex,SUP-ARTHREX,Arthrex,INS-603026,05062819482199,tray,True,False,False,False,active,1,Lumbar Laminectomy
INV-INST-CONMED_POWERTOOLS,Conmed PowerTools,instrument,Instrument trays,DePuy Synthes,SUP-DEPUY,DePuy Synthes,INS-212915,05051819093786,tray,True,False,False,False,active,1,Total Knee Replacement
INV-INST-CONMED_POWERTOOLS_WITH_TRINKLE,Conmed PowerTools with Trinkle,instrument,Instrument trays,Arthrex,SUP-ARTHREX,Arthrex,INS-540250,05079754323194,tray,True,False,False,False,active,1,Total Hip Replacement (Cemented)
INV-INST-DEPUY_SYNTHES_TFNA_INSTRUMENT_,DePuy Synthes TFNA Instrument Tray,instrument,Instrument trays,DePuy Synthes,SUP-DEPUY,DePuy Synthes,INS-534059,05087574911862,tray,True,False,False,False,active,1,Fixation of fracture of neck of femur using intramedullary nail
INV-INST-HAND_ARTHROPLASTY_SET,Hand Arthroplasty Set,instrument,Instrument trays,Arthrex,SUP-ARTHREX,Arthrex,INS-104537,05027601895559,tray,True,False,False,False,active,1,Thumb Carpometacarpal Joint Arthroplasty
INV-INST-HERAEUS_CEMENT_GUN,Heraeus Cement Gun,instrument,Bone cement and cementing,Smith & Nephew,SUP-SN,Smith & Nephew,INS-416554,05097114710497,tray,True,False,False,False,active,2,Total Hip Replacement (Cemented); Total Knee Replacement
INV-INST-JOURNEY_II_BCS_KNEE_SYSTEM,JOURNEY II BCS Knee System,instrument,Instrument trays,Arthrex,SUP-ARTHREX,Arthrex,INS-725688,05065075291703,tray,True,False,False,False,active,1,Total Knee Replacement
INV-INST-JUG,Jug,instrument,Instrument trays,Arthrex,SUP-ARTHREX,Arthrex,INS-223302,05023667127684,tray,True,False,False,False,active,2,Total Hip Replacement (Cemented); Total Knee Replacement
INV-INST-LARGE_ORTHOPAEDIC_SET,Large Orthopaedic Set,instrument,Instrument trays,DePuy Synthes,SUP-DEPUY,DePuy Synthes,INS-455066,05068465632122,tray,True,False,False,False,active,3,Open Achilles Tendon Repair; Total Hip Replacement (Cemented); Total Knee Replacement
INV-INST-MEDACTA_SHOULDER_SYSTEM_MSS,Medacta Shoulder System (MSS),instrument,Instrument trays,DePuy Synthes,SUP-DEPUY,DePuy Synthes,INS-978068,05030792440268,tray,True,False,False,False,active,1,Reverse Shoulder Replacement
INV-INST-MICRO_DISCECTOMY_CURETTES_SET,Micro-discectomy Curettes Set,instrument,Instrument trays,Arthrex,SUP-ARTHREX,Arthrex,INS-738778,05099528907866,tray,True,False,False,False,active,1,Spinal Microdiscectomy
INV-INST-MINOR_HAND_INSTRUMENT_SET,Minor Hand Instrument Set,instrument,Instrument trays,Smith & Nephew,SUP-SN,Smith & Nephew,INS-345214,05061760313721,tray,True,False,False,False,active,2,Carpal Tunnel Release; Percutaneous Trigger Finger Release
INV-INST-SMALL_BONE_SET,Small Bone Set,instrument,Instrument trays,Arthrex,SUP-ARTHREX,Arthrex,INS-130616,05090109281590,tray,True,False,False,False,active,1,MTPJ Fusion
INV-INST-SMALL_JOINT_ARTHROSCOPY_SET,Small Joint Arthroscopy Set,instrument,Arthroscopy,Stryker,SUP-STRYKER,Stryker UK,INS-702882,05039624595711,tray,True,False,False,False,active,1,Ankle Arthroscopy
INV-INST-SMITH_NEPHEW_R3_ACETABULAR_SYS,Smith & Nephew R3 Acetabular System,instrument,Instrument trays,Smith & Nephew,SUP-SN,Smith & Nephew,INS-804054,05077774121547,tray,True,False,False,False,active,1,Total Hip Replacement (Cemented)
INV-INST-SPLASH_BOWL,Splash Bowl,instrument,Instrument trays,DePuy Synthes,SUP-DEPUY,DePuy Synthes,INS-265939,05080385280841,tray,True,False,False,False,active,2,Total Hip Replacement (Cemented); Total Knee Replacement
INV-INST-SYNTHES_LARGE_FRAGMENT_SET,Synthes Large Fragment Set,instrument,Instrument trays,DePuy Synthes,SUP-DEPUY,DePuy Synthes,INS-636208,05048525388853,tray,True,False,False,False,active,1,ORIF Tibia and Fibula
INV-INST-SYNTHES_SMALL_FRAGMENT_SET,Synthes Small Fragment Set,instrument,Instrument trays,DePuy Synthes,SUP-DEPUY,DePuy Synthes,INS-698409,05093363387500,tray,True,False,False,False,active,1,ORIF Ankle
INV-INST-ZIMMER_BIOMET_COMPREHENSIVE_SH,Zimmer Biomet Comprehensive Shoulder System,instrument,Instrument trays,Zimmer Biomet,SUP-ZIMMER,Zimmer Biomet,INS-746080,05047439575513,tray,True,False,False,False,active,1,Total Shoulder Replacement
INV-EQUI-ARTHREX_SYNERGY_UHD4_IMAGING_C,Arthrex Synergy UHD4 Imaging Console,equipment,Reusable theatre equipment,Arthrex,SUP-ARTHREX,Arthrex,EQU-843844,05013735379907,device,False,False,False,False,active,1,Arthroscopic Rotator Cuff Repair
INV-EQUI-ARTHROSCOPY_STACK_SYSTEM_WITH_,Arthroscopy stack system with HD camera,equipment,Arthroscopy,Arthrex,SUP-ARTHREX,Arthrex,EQU-721574,05011637265167,device,False,False,False,False,active,3,Ankle Arthroscopy; Arthroscopic Biceps Tenodesis; Arthroscopic Rotator Cuff Repair
INV-EQUI-C_ARM_IMAGE_INTENSIFIER,C-Arm Image Intensifier,equipment,Reusable theatre equipment,Smith & Nephew,SUP-SN,Smith & Nephew,EQU-969500,05012220297299,device,False,False,False,False,active,3,Fixation of fracture of neck of femur using intramedullary nail; ORIF Ankle; ORIF Tibia and Fibula
INV-EQUI-CEMENT_VACUUM_FOOT_PUMP,Cement Vacuum Foot Pump,equipment,Bone cement and cementing,Smith & Nephew,SUP-SN,Smith & Nephew,EQU-624991,05052882001826,device,False,False,False,False,active,1,Total Knee Replacement
INV-EQUI-CEMENT_VACUUM_FOOTPUMP,Cement Vacuum Footpump,equipment,Bone cement and cementing,DePuy Synthes,SUP-DEPUY,DePuy Synthes,EQU-850094,05030434839548,device,False,False,False,False,active,1,Total Hip Replacement (Cemented)
INV-EQUI-DIATHERMY_MACHINE,Diathermy Machine,equipment,Reusable theatre equipment,Smith & Nephew,SUP-SN,Smith & Nephew,EQU-431764,05020579868282,device,False,False,False,False,active,2,Total Hip Replacement (Cemented); Total Knee Replacement
INV-EQUI-JACKSON_SPINAL_SURGERY_TABLE,Jackson Spinal Surgery Table,equipment,Reusable theatre equipment,Stryker,SUP-STRYKER,Stryker UK,EQU-118965,05072902227918,device,False,False,False,False,active,2,Lumbar Laminectomy; Spinal Microdiscectomy
INV-EQUI-MIDAS_REX_SPINE_SHAVER_DRILL,Midas Rex Spine Shaver / Drill,equipment,Power tool consumables,Medtronic,SUP-MEDTRONIC,Medtronic,EQU-194607,05005888718033,device,False,False,False,False,active,2,Lumbar Laminectomy; Spinal Microdiscectomy
INV-EQUI-STANDARD_DIATHERMY_MACHINE,Standard Diathermy Machine,equipment,Reusable theatre equipment,Arthrex,SUP-ARTHREX,Arthrex,EQU-394875,05001878017598,device,False,False,False,False,active,2,Reverse Shoulder Replacement; Total Shoulder Replacement
INV-EQUI-STRYKER_SMARTPUMP_TOURNIQUET_S,Stryker SmartPump Tourniquet System,equipment,Reusable theatre equipment,Stryker,SUP-STRYKER,Stryker UK,EQU-105135,05098347887838,device,False,False,False,False,active,8,Carpal Tunnel Release; MTPJ Fusion; ORIF Ankle; ORIF Tibia and Fibula; Open Achilles Tendon Repair; Percutaneous Trigger Finger Release; Thumb Carpometacarpal Joint Arthroplasty; Total Knee Replacement
INV-EQUI-STRYKER_SYSTEM_8_POWER_TOOL_KI,Stryker System 8 Power Tool Kit,equipment,Reusable theatre equipment,Stryker,SUP-STRYKER,Stryker UK,EQU-997622,05048372616751,device,False,False,False,False,active,1,Fixation of fracture of neck of femur using intramedullary nail
INV-EQUI-SUCTION_MACHINE,Suction Machine,equipment,Reusable theatre equipment,DePuy Synthes,SUP-DEPUY,DePuy Synthes,EQU-214109,05061341252427,device,False,False,False,False,active,2,Total Hip Replacement (Cemented); Total Knee Replacement
INV-DRAP-ANKLE_ARTHROSCOPY_DRAPE_PACK,Ankle Arthroscopy Drape Pack,drape,Arthroscopy,Unisurge,SUP-UNISURGE,Unisurge,DRA-518422,05016723268656,pack,True,True,False,False,active,1,Ankle Arthroscopy
INV-DRAP-APPROACH_DRAPE,Approach Drape,drape,Draping,Unisurge,SUP-UNISURGE,Unisurge,DRA-851239,05055150587706,pack,True,True,False,False,active,1,Total Knee Replacement
INV-DRAP-BROWN_STOCKINETTE_UNISURGE_15C,"Brown Stockinette (Unisurge, 15cm x 1.5m, REF: F825195)",drape,Draping,Ethicon,SUP-MEDTRONIC,Medtronic,DRA-626617,05081131144024,pack,True,True,False,False,active,1,Total Knee Replacement
INV-DRAP-EXTREMITY_DRAPE,Extremity Drape,drape,Draping,Unisurge,SUP-UNISURGE,Unisurge,DRA-783790,05064628897514,pack,True,True,False,False,active,1,Total Knee Replacement
INV-DRAP-HAND_AND_FOOT_APERTURE_DRAPE_P,Hand and Foot Aperture Drape Pack,drape,Draping,NHS Supply Chain,SUP-NHS-SUPPLY,NHS Supply Chain,DRA-710083,05026140141931,pack,True,True,False,False,active,5,Carpal Tunnel Release; MTPJ Fusion; Open Achilles Tendon Repair; Percutaneous Trigger Finger Release; Thumb Carpometacarpal Joint Arthroplasty
INV-DRAP-HIP_FRACTURE_DRAPE_PACK,Hip Fracture Drape Pack,drape,Draping,Ethicon,SUP-DEPUY,DePuy Synthes,DRA-347161,05070586492083,pack,True,True,False,False,active,1,Fixation of fracture of neck of femur using intramedullary nail
INV-DRAP-OPTAPE_X_1_USES_2_AROUND_THE_G,Optape x 1 (uses 2 around the glove on the ankle),drape,Draping,NHS Supply Chain,SUP-NHS-SUPPLY,NHS Supply Chain,DRA-454767,05024023448347,pack,True,True,False,False,active,1,Total Knee Replacement
INV-DRAP-PLASTIC_U_DRAPE,Plastic U drape,drape,Draping,Unisurge,SUP-UNISURGE,Unisurge,DRA-698030,05045040008838,pack,True,True,False,False,active,1,Total Knee Replacement
INV-DRAP-REINFORCED_ADHESIVE_EDGE_DRAPE,Reinforced Adhesive Edge Drape (150x240cm),drape,Draping,Molnlycke,SUP-SN,Smith & Nephew,DRA-940301,05071678684335,pack,True,True,False,False,active,1,Total Knee Replacement
INV-DRAP-REINFORCED_ADHESIVE_EDGE_DRAPE,Reinforced Adhesive Edge Drape (150x240cm) x 2 (For the side and the extension for the bottom),drape,Draping,Unisurge,SUP-UNISURGE,Unisurge,DRA-532869,05026502014620,pack,True,True,False,False,active,1,Total Knee Replacement
INV-DRAP-REINFORCED_SPLIT_SHEET_200X260,Reinforced Split Sheet (200x260cm),drape,Draping,NHS Supply Chain,SUP-NHS-SUPPLY,NHS Supply Chain,DRA-720989,05068493407224,pack,True,True,False,False,active,1,Total Knee Replacement
INV-DRAP-SHOULDER_ARTHROSCOPY_DRAPE_PAC,Shoulder Arthroscopy Drape Pack,drape,Arthroscopy,Molnlycke,SUP-STRYKER,Stryker UK,DRA-941107,05045585304352,pack,True,True,False,False,active,2,Arthroscopic Biceps Tenodesis; Arthroscopic Rotator Cuff Repair
INV-DRAP-SHOULDER_SPLIT_SHEET_PACK,Shoulder Split Sheet Pack,drape,Draping,NHS Supply Chain,SUP-NHS-SUPPLY,NHS Supply Chain,DRA-439863,05056174833801,pack,True,True,False,False,active,2,Reverse Shoulder Replacement; Total Shoulder Replacement
INV-DRAP-SPINE_SURGICAL_DRAPE_PACK,Spine Surgical Drape Pack,drape,Draping,Ethicon,SUP-DEPUY,DePuy Synthes,DRA-419954,05026906044319,pack,True,True,False,False,active,2,Lumbar Laminectomy; Spinal Microdiscectomy
INV-DRAP-TOTAL_HIP_DRAPE_PACK,Total Hip Drape Pack,drape,Draping,Unisurge,SUP-UNISURGE,Unisurge,DRA-770198,05096572492086,pack,True,True,False,False,active,1,Total Hip Replacement (Cemented)
INV-DRAP-TOTAL_KNEE_ARTHROPLASTY_DRAPE_,Total Knee Arthroplasty Drape Pack,drape,Draping,Unisurge,SUP-UNISURGE,Unisurge,DRA-918871,05088909310025,pack,True,True,False,False,active,1,Total Knee Replacement
INV-DRAP-UNIVERSAL_EXTREMITY_DRAPE_PACK,Universal Extremity Drape Pack,drape,Draping,NHS Supply Chain,SUP-NHS-SUPPLY,NHS Supply Chain,DRA-492540,05067800837407,pack,True,True,False,False,active,2,ORIF Ankle; ORIF Tibia and Fibula
INV-DRAP-WATER_REPELLENT,Water Repellent,drape,Draping,NHS Supply Chain,SUP-NHS-SUPPLY,NHS Supply Chain,DRA-629789,05088181741433,pack,True,True,False,False,active,1,Total Knee Replacement
INV-CONS-ARTHROSCOPY_FLUID_3L,Arthroscopy Fluid 3L,consumable,Arthroscopy,Unisurge,SUP-UNISURGE,Unisurge,CON-266520,05077617409319,bottle,True,True,False,False,active,3,Ankle Arthroscopy; Arthroscopic Biceps Tenodesis; Arthroscopic Rotator Cuff Repair
INV-CONS-BETADINE_PREP_SOLUTION,Betadine Prep Solution,consumable,Theatre consumables,Unisurge,SUP-UNISURGE,Unisurge,CON-757766,05054499207074,pack,True,True,False,False,active,1,General orthopaedic theatre
INV-CONS-BLADDER_SYRINGE,Bladder Syringe,consumable,Theatre consumables,NHS Supply Chain,SUP-NHS-SUPPLY,NHS Supply Chain,CON-450442,05037484777183,box,True,True,False,False,active,2,General orthopaedic theatre; Total Knee Replacement
INV-CONS-BONE_CEMENT_MIXING_BOWL_KIT,Bone Cement Mixing Bowl Kit,consumable,Bone cement and cementing,NHS Supply Chain,SUP-NHS-SUPPLY,NHS Supply Chain,CON-546755,05070471874633,each,True,True,False,False,active,1,Total Hip Replacement (Cemented)
INV-CONS-BONE_WAX,Bone Wax,consumable,Theatre consumables,NHS Supply Chain,SUP-NHS-SUPPLY,NHS Supply Chain,CON-782658,05028452984153,box,True,True,False,False,active,1,Lumbar Laminectomy
INV-CONS-CHLORHEXIDINE_2_APPLICATOR,Chlorhexidine 2% Applicator,consumable,Theatre consumables,Molnlycke,SUP-NHS-SUPPLY,NHS Supply Chain,CON-165563,05002077642656,box,True,True,False,False,active,3,General orthopaedic theatre; Total Hip Replacement (Cemented); Total Knee Replacement
INV-CONS-DIATHERMY_PENCIL,Diathermy Pencil,consumable,Theatre consumables,NHS Supply Chain,SUP-NHS-SUPPLY,NHS Supply Chain,CON-939628,05050556130445,each,True,True,False,False,active,5,General orthopaedic theatre; Reverse Shoulder Replacement; Total Hip Replacement (Cemented); Total Knee Replacement; Total Shoulder Replacement
INV-CONS-DIATHERMY_TIP,Diathermy Tip,consumable,Theatre consumables,Molnlycke,SUP-NHS-SUPPLY,NHS Supply Chain,CON-473109,05091564041042,each,True,True,False,False,active,1,General orthopaedic theatre
INV-CONS-ESCHMARK_BANDAGE,Eschmark Bandage,consumable,Theatre consumables,Ethicon,SUP-NHS-SUPPLY,NHS Supply Chain,CON-586060,05085356068831,each,True,True,False,False,active,2,General orthopaedic theatre; Total Knee Replacement
INV-CONS-GAUZE_SWABS_10X10,Gauze Swabs 10x10,consumable,Theatre consumables,Molnlycke,SUP-UNISURGE,Unisurge,CON-932716,05092470822765,box,True,True,False,False,active,1,General orthopaedic theatre
INV-CONS-GAUZE_SWABS_5X5,Gauze Swabs 5x5,consumable,Theatre consumables,Ethicon,SUP-MEDTRONIC,Medtronic,CON-559710,05046347861221,each,True,True,False,False,active,1,General orthopaedic theatre
INV-CONS-IRRIGATION_FLUID_0_9_SALINE_1L,Irrigation Fluid 0.9% Saline 1L,consumable,Theatre consumables,Molnlycke,SUP-SN,Smith & Nephew,CON-877364,05075762833125,bottle,True,True,False,False,active,11,Fixation of fracture of neck of femur using intramedullary nail; General orthopaedic theatre; Lumbar Laminectomy; MTPJ Fusion; ORIF Ankle; ORIF Tibia and Fibula; Open Achilles Tendon Repair; Reverse Shoulder Replacement; Spinal Microdiscectomy; Thumb Carpometacarpal Joint Arthroplasty; Total Shoulder Replacement
INV-CONS-IRRIGATION_FLUID_0_9_SALINE_3L,Irrigation Fluid 0.9% Saline 3L,consumable,Theatre consumables,NHS Supply Chain,SUP-NHS-SUPPLY,NHS Supply Chain,CON-319329,05053549306668,bottle,True,True,False,False,active,3,General orthopaedic theatre; Total Hip Replacement (Cemented); Total Knee Replacement
INV-CONS-LIGHT_HANDLE_COVERS,Light Handle Covers,consumable,Theatre consumables,Unisurge,SUP-UNISURGE,Unisurge,CON-468833,05064507495288,pack,True,True,False,False,active,3,General orthopaedic theatre; Total Hip Replacement (Cemented); Total Knee Replacement
INV-CONS-LOCAL_ANAESTHETIC_SYRINGE,Local Anaesthetic Syringe,consumable,Theatre consumables,Unisurge,SUP-UNISURGE,Unisurge,CON-528142,05014366764020,box,True,True,False,False,active,2,Carpal Tunnel Release; Percutaneous Trigger Finger Release
INV-CONS-PULSE_LAVAGE_TIP,Pulse Lavage Tip,consumable,Theatre consumables,Molnlycke,SUP-UNISURGE,Unisurge,CON-461988,05001687731322,pack,True,True,False,False,active,2,Total Hip Replacement (Cemented); Total Knee Replacement
INV-CONS-PUMP_TUBING,Pump Tubing,consumable,Theatre consumables,NHS Supply Chain,SUP-NHS-SUPPLY,NHS Supply Chain,CON-223035,05071800239042,pack,True,True,False,False,active,3,Ankle Arthroscopy; Arthroscopic Biceps Tenodesis; Arthroscopic Rotator Cuff Repair
INV-CONS-SAW_BLADE_CONMED_X_1_REF_5071_,Saw Blade (Conmed) x 1 Ref#5071-201,consumable,Power tool consumables,Ethicon,SUP-NHS-SUPPLY,NHS Supply Chain,CON-709173,05011148936439,each,True,True,False,True,active,1,General orthopaedic theatre
INV-CONS-SCALPEL_BLADE_10,Scalpel Blade #10,consumable,Power tool consumables,NHS Supply Chain,SUP-NHS-SUPPLY,NHS Supply Chain,CON-304525,05084745378383,each,True,True,False,True,active,1,General orthopaedic theatre
INV-CONS-SCALPEL_BLADE_15,Scalpel Blade #15,consumable,Power tool consumables,Molnlycke,SUP-MEDTRONIC,Medtronic,CON-444987,05000376143653,box,True,True,False,True,active,1,General orthopaedic theatre
INV-CONS-SHARPS_PAD,Sharps Pad,consumable,Theatre consumables,NHS Supply Chain,SUP-NHS-SUPPLY,NHS Supply Chain,CON-294289,05056563048137,each,True,True,False,False,active,2,General orthopaedic theatre; Total Knee Replacement
INV-CONS-SKIN_MARKER_PEN,Skin Marker Pen,consumable,Theatre consumables,Ethicon,SUP-SN,Smith & Nephew,CON-489282,05037344197923,box,True,True,False,False,active,13,Carpal Tunnel Release; Fixation of fracture of neck of femur using intramedullary nail; General orthopaedic theatre; MTPJ Fusion; ORIF Ankle; ORIF Tibia and Fibula; Open Achilles Tendon Repair; Percutaneous Trigger Finger Release; Reverse Shoulder Replacement; Thumb Carpometacarpal Joint Arthroplasty; Total Hip Replacement (Cemented); Total Knee Replacement; Total Shoulder Replacement
INV-CONS-STERILE_GLOVES,Sterile Gloves,consumable,Theatre consumables,Molnlycke,SUP-STRYKER,Stryker UK,CON-770641,05092603092600,pair,True,True,False,False,active,4,Carpal Tunnel Release; Percutaneous Trigger Finger Release; Total Hip Replacement (Cemented); Total Knee Replacement
INV-CONS-STERILE_GLOVES_PAIR,Sterile Gloves (Pair),consumable,Theatre consumables,Unisurge,SUP-UNISURGE,Unisurge,CON-272669,05067511253287,pair,True,True,False,False,active,1,General orthopaedic theatre
INV-CONS-STERILE_GOWN,Sterile Gown,consumable,Theatre consumables,NHS Supply Chain,SUP-NHS-SUPPLY,NHS Supply Chain,CON-565597,05046557210141,box,True,True,False,False,active,3,General orthopaedic theatre; Total Hip Replacement (Cemented); Total Knee Replacement
INV-CONS-SUCTION_TUBING,Suction Tubing,consumable,Theatre consumables,Molnlycke,SUP-DEPUY,DePuy Synthes,CON-237071,05083654610735,pack,True,True,False,False,active,14,Ankle Arthroscopy; Arthroscopic Biceps Tenodesis; Arthroscopic Rotator Cuff Repair; Fixation of fracture of neck of femur using intramedullary nail; General orthopaedic theatre; Lumbar Laminectomy; MTPJ Fusion; ORIF Ankle; ORIF Tibia and Fibula; Open Achilles Tendon Repair; Spinal Microdiscectomy; Thumb Carpometacarpal Joint Arthroplasty; Total Hip Replacement (Cemented); Total Knee Replacement
INV-CONS-SUCTION_YANKAUER_TIP,Suction Yankauer Tip,consumable,Theatre consumables,Molnlycke,SUP-SN,Smith & Nephew,CON-857627,05055706360607,each,True,True,False,False,active,1,General orthopaedic theatre
INV-CONS-SURGICAL_PATTIES,Surgical Patties,consumable,Theatre consumables,NHS Supply Chain,SUP-NHS-SUPPLY,NHS Supply Chain,CON-918808,05043195545904,pack,True,True,False,False,active,1,Spinal Microdiscectomy
INV-CONS-SUTURE_REMOVAL_KIT,Suture Removal Kit,consumable,Theatre consumables,Ethicon,SUP-MEDTRONIC,Medtronic,CON-543217,05040910317764,box,True,True,False,False,active,1,General orthopaedic theatre
INV-CONS-SYRINGE_10ML,Syringe 10ml,consumable,Theatre consumables,Molnlycke,SUP-ARTHREX,Arthrex,CON-649955,05072042935575,pack,True,True,False,False,active,1,General orthopaedic theatre
INV-CONS-SYRINGE_20ML,Syringe 20ml,consumable,Theatre consumables,NHS Supply Chain,SUP-NHS-SUPPLY,NHS Supply Chain,CON-676309,05083623610788,box,True,True,False,False,active,1,General orthopaedic theatre
INV-CONS-SYRINGE_50ML,Syringe 50ml,consumable,Theatre consumables,Unisurge,SUP-UNISURGE,Unisurge,CON-260264,05061149131677,each,True,True,False,False,active,1,General orthopaedic theatre
INV-CONS-ULTRASOUND_GEL,Ultrasound Gel,consumable,Theatre consumables,Unisurge,SUP-UNISURGE,Unisurge,CON-777492,05026793814449,box,True,True,False,False,active,1,General orthopaedic theatre
INV-DISP-ARTHROSCOPY_SHAVER_BLADE_4_0MM,Arthroscopy Shaver Blade 4.0mm,disposable,Arthroscopy,Arthrex,SUP-ARTHREX,Arthrex,DIS-482848,05044373233249,each,True,True,False,True,active,4,Ankle Arthroscopy; Arthroscopic Biceps Tenodesis; Arthroscopic Rotator Cuff Repair; General orthopaedic theatre
INV-DISP-ARTHROSCOPY_SHAVER_BLADE_5_5MM,Arthroscopy Shaver Blade 5.5mm,disposable,Arthroscopy,Arthrex,SUP-ARTHREX,Arthrex,DIS-769275,05016438831701,each,True,True,False,True,active,1,General orthopaedic theatre
INV-DISP-CEMENT_DELIVERY_GUN_NOZZLE,Cement Delivery Gun Nozzle,disposable,Bone cement and cementing,Smith & Nephew,SUP-SN,Smith & Nephew,DIS-643995,05037504310399,each,True,True,False,False,active,3,General orthopaedic theatre; Total Hip Replacement (Cemented); Total Knee Replacement
INV-DISP-CEMENT_MIXING_CARTRIDGE,Cement Mixing Cartridge,disposable,Bone cement and cementing,Stryker,SUP-STRYKER,Stryker UK,DIS-335163,05058279401995,each,True,True,False,False,active,3,General orthopaedic theatre; Total Hip Replacement (Cemented); Total Knee Replacement
INV-DISP-DISPOSABLE_BURR_3_5MM,Disposable Burr 3.5mm,disposable,Theatre consumables,Stryker,SUP-STRYKER,Stryker UK,DIS-886087,05055203409305,box,True,True,False,False,active,3,General orthopaedic theatre; Lumbar Laminectomy; Spinal Microdiscectomy
INV-DISP-DISPOSABLE_BURR_4_0MM,Disposable Burr 4.0mm,disposable,Theatre consumables,Arthrex,SUP-ARTHREX,Arthrex,DIS-159881,05029413078716,each,True,True,False,False,active,1,General orthopaedic theatre
INV-DISP-DISPOSABLE_CANNULA_SET,Disposable Cannula Set,disposable,Theatre consumables,Smith & Nephew,SUP-SN,Smith & Nephew,DIS-699199,05082812646446,each,True,True,False,False,active,2,Arthroscopic Biceps Tenodesis; Arthroscopic Rotator Cuff Repair
INV-DISP-DISPOSABLE_DRILL_BIT_2_0MM,Disposable Drill Bit 2.0mm,disposable,Power tool consumables,Arthrex,SUP-ARTHREX,Arthrex,DIS-587999,05095660536630,box,True,True,False,False,active,2,MTPJ Fusion; Thumb Carpometacarpal Joint Arthroplasty
INV-DISP-DISPOSABLE_DRILL_BIT_2_5MM,Disposable Drill Bit 2.5mm,disposable,Power tool consumables,DePuy Synthes,SUP-DEPUY,DePuy Synthes,DIS-235744,05061169572200,pack,True,True,False,False,active,1,ORIF Ankle
INV-DISP-DISPOSABLE_DRILL_BIT_3_2MM,Disposable Drill Bit 3.2mm,disposable,Power tool consumables,DePuy Synthes,SUP-DEPUY,DePuy Synthes,DIS-170918,05061995822542,pack,True,True,False,False,active,6,Fixation of fracture of neck of femur using intramedullary nail; General orthopaedic theatre; ORIF Tibia and Fibula; Reverse Shoulder Replacement; Total Knee Replacement; Total Shoulder Replacement
INV-DISP-DISPOSABLE_DRILL_BIT_4_5MM,Disposable Drill Bit 4.5mm,disposable,Power tool consumables,DePuy Synthes,SUP-DEPUY,DePuy Synthes,DIS-863026,05011673420750,pack,True,True,False,False,active,1,General orthopaedic theatre
INV-DISP-DISPOSABLE_FEMORAL_CANAL_BRUSH,Disposable Femoral Canal Brush,disposable,Theatre consumables,Smith & Nephew,SUP-SN,Smith & Nephew,DIS-297425,05019239693729,each,True,True,False,False,active,1,Total Hip Replacement (Cemented)
INV-DISP-DISPOSABLE_REAMER_LARGE,Disposable Reamer - Large,disposable,Power tool consumables,Stryker,SUP-STRYKER,Stryker UK,DIS-741711,05068265123308,pack,True,True,False,False,active,1,Total Hip Replacement (Cemented)
INV-DISP-DISPOSABLE_REAMER_LARGE,Disposable Reamer – Large,disposable,Power tool consumables,Stryker,SUP-STRYKER,Stryker UK,DIS-978257,05051697846493,box,True,True,False,False,active,1,General orthopaedic theatre
INV-DISP-DISPOSABLE_REAMER_SMALL,Disposable Reamer – Small,disposable,Power tool consumables,Smith & Nephew,SUP-SN,Smith & Nephew,DIS-846967,05057872009773,box,True,True,False,False,active,1,General orthopaedic theatre
INV-DISP-DISPOSABLE_SAW_BLADE_OSCILLATI,Disposable Saw Blade - Oscillating,disposable,Power tool consumables,Smith & Nephew,SUP-SN,Smith & Nephew,DIS-289494,05027611256517,pack,True,True,False,True,active,1,Total Knee Replacement
INV-DISP-DISPOSABLE_SAW_BLADE_RECIPROCA,Disposable Saw Blade - Reciprocating,disposable,Power tool consumables,Stryker,SUP-STRYKER,Stryker UK,DIS-151093,05002158108620,each,True,True,False,True,active,2,Reverse Shoulder Replacement; Total Shoulder Replacement
INV-DISP-DISPOSABLE_SAW_BLADE_OSCILLATI,Disposable Saw Blade – Oscillating,disposable,Power tool consumables,Stryker,SUP-STRYKER,Stryker UK,DIS-188030,05032742315942,box,True,True,False,True,active,1,General orthopaedic theatre
INV-DISP-DISPOSABLE_SAW_BLADE_RECIPROCA,Disposable Saw Blade – Reciprocating,disposable,Power tool consumables,Arthrex,SUP-ARTHREX,Arthrex,DIS-602690,05072487394983,box,True,True,False,True,active,1,General orthopaedic theatre
INV-DISP-DISPOSABLE_TROCAR_SET,Disposable Trocar Set,disposable,Theatre consumables,Arthrex,SUP-ARTHREX,Arthrex,DIS-921586,05003262456241,pack,True,True,False,False,active,2,Ankle Arthroscopy; General orthopaedic theatre
INV-DISP-GUIDE_WIRE,Guide Wire,disposable,Theatre consumables,Stryker,SUP-STRYKER,Stryker UK,DIS-203017,05057889148654,box,True,True,False,False,active,1,Fixation of fracture of neck of femur using intramedullary nail
INV-DISP-K_WIRE_1_6MM,K-wire 1.6mm,disposable,Theatre consumables,Arthrex,SUP-ARTHREX,Arthrex,DIS-731650,05092551732904,pack,True,True,False,True,active,4,General orthopaedic theatre; MTPJ Fusion; ORIF Ankle; Thumb Carpometacarpal Joint Arthroplasty
INV-DISP-K_WIRE_2_0MM,K-wire 2.0mm,disposable,Theatre consumables,Arthrex,SUP-ARTHREX,Arthrex,DIS-265239,05049500324966,pack,True,True,False,True,active,3,General orthopaedic theatre; ORIF Ankle; ORIF Tibia and Fibula
INV-DISP-PULSE_LAVAGE_TIP,Pulse Lavage Tip,disposable,Theatre consumables,Arthrex,SUP-ARTHREX,Arthrex,DIS-505247,05002739000095,box,True,True,False,False,active,1,General orthopaedic theatre
INV-DISP-SCALPEL_BLADE_15,Scalpel Blade #15,disposable,Power tool consumables,Stryker,SUP-STRYKER,Stryker UK,DIS-614200,05085836949235,pack,True,True,False,True,active,3,Carpal Tunnel Release; Open Achilles Tendon Repair; Percutaneous Trigger Finger Release
INV-DISP-STEINMANN_PIN_3_0MM,Steinmann Pin 3.0mm,disposable,Theatre consumables,Smith & Nephew,SUP-SN,Smith & Nephew,DIS-316847,05022032711246,box,True,True,False,False,active,1,General orthopaedic theatre
INV-DISP-STEINMANN_PIN_4_0MM,Steinmann Pin 4.0mm,disposable,Theatre consumables,Stryker,SUP-STRYKER,Stryker UK,DIS-459987,05008599798732,each,True,True,False,False,active,1,General orthopaedic theatre
INV-DISP-SURGICAL_PATTIES,Surgical Patties,disposable,Theatre consumables,Stryker,SUP-STRYKER,Stryker UK,DIS-213773,05008062320109,pack,True,True,False,False,active,1,Lumbar Laminectomy
INV-IMPL-1ST_MTP_FUSION_PLATE,1st MTP Fusion Plate,implant,Implants,Stryker,SUP-STRYKER,Stryker UK,IMP-694980,05026389869284,each,True,True,True,True,active,1,MTPJ Fusion
INV-IMPL-ANATOMIC_TIBIA_LOCKING_PLATE_S,Anatomic Tibia Locking Plate Set,implant,Implants,DePuy Synthes,SUP-DEPUY,DePuy Synthes,IMP-326485,05040780667172,each,True,True,True,True,active,1,ORIF Tibia and Fibula
INV-IMPL-CPCS_STEM,CPCS Stem,implant,Implants,Stryker,SUP-STRYKER,Stryker UK,IMP-626119,05014301540486,each,True,True,True,True,active,1,Total Hip Replacement (Cemented)
INV-IMPL-CERAMIC_HEAD_COMPONENT,Ceramic Head Component,implant,Implants,Smith & Nephew,SUP-SN,Smith & Nephew,IMP-413366,05043180243325,each,True,True,True,True,active,1,Total Hip Replacement (Cemented)
INV-IMPL-COMPRESSION_SCREWS,Compression Screws,implant,Implants,Stryker,SUP-STRYKER,Stryker UK,IMP-830775,05065936877800,each,True,True,True,True,active,1,MTPJ Fusion
INV-IMPL-CORTICAL_SCREWS,Cortical Screws,implant,Implants,Arthrex,SUP-ARTHREX,Arthrex,IMP-831196,05039436991922,each,True,True,True,True,active,1,ORIF Tibia and Fibula
INV-IMPL-DISTAL_FIBULA_PLATE_SET,Distal Fibula Plate Set,implant,Implants,DePuy Synthes,SUP-DEPUY,DePuy Synthes,IMP-767536,05001192520002,each,True,True,True,True,active,1,ORIF Ankle
INV-IMPL-FEMORAL_COMPONENT,Femoral Component,implant,Implants,DePuy Synthes,SUP-DEPUY,DePuy Synthes,IMP-768112,05010195381613,each,True,True,True,True,active,1,Total Knee Replacement
INV-IMPL-FEMORAL_STEM_COMPONENT,Femoral Stem Component,implant,Implants,Stryker,SUP-STRYKER,Stryker UK,IMP-103107,05031001471213,each,True,True,True,True,active,1,Total Hip Replacement (Cemented)
INV-IMPL-GLENOID_BASE_COMPONENT,Glenoid Base Component,implant,Implants,Smith & Nephew,SUP-SN,Smith & Nephew,IMP-748674,05055640544055,each,True,True,True,True,active,1,Total Shoulder Replacement
INV-IMPL-GLENOSPHERE_COMPONENT,Glenosphere Component,implant,Implants,Arthrex,SUP-ARTHREX,Arthrex,IMP-895066,05049060681570,each,True,True,True,True,active,1,Reverse Shoulder Replacement
INV-IMPL-HUMERAL_STEM_COMPONENT,Humeral Stem Component,implant,Implants,Stryker,SUP-STRYKER,Stryker UK,IMP-514173,05019426083400,each,True,True,True,True,active,1,Total Shoulder Replacement
INV-IMPL-HUMERAL_TRAY,Humeral Tray,implant,Implants,Smith & Nephew,SUP-SN,Smith & Nephew,IMP-241240,05071727958492,each,True,True,True,True,active,1,Reverse Shoulder Replacement
INV-IMPL-INTRAMEDULLARY_FEMORAL_NAIL,Intramedullary Femoral Nail,implant,Implants,Smith & Nephew,SUP-SN,Smith & Nephew,IMP-938826,05033721178155,each,True,True,True,True,active,1,Fixation of fracture of neck of femur using intramedullary nail
INV-IMPL-LAG_SCREW_KIT,Lag Screw Kit,implant,Implants,DePuy Synthes,SUP-DEPUY,DePuy Synthes,IMP-633470,05066160534468,each,True,True,True,True,active,1,Fixation of fracture of neck of femur using intramedullary nail
INV-IMPL-MALLEOLAR_SCREWS,Malleolar Screws,implant,Implants,Stryker,SUP-STRYKER,Stryker UK,IMP-751256,05063728990595,each,True,True,True,True,active,1,ORIF Ankle
INV-IMPL-POLYETHYLENE_INSERT,Polyethylene Insert,implant,Implants,Stryker,SUP-STRYKER,Stryker UK,IMP-994358,05078527749325,each,True,True,True,True,active,1,Total Knee Replacement
INV-IMPL-R3_ACETABULAR_CUP_COMPONENT,R3 Acetabular Cup Component,implant,Implants,Arthrex,SUP-ARTHREX,Arthrex,IMP-739782,05038344922359,each,True,True,True,True,active,1,Total Hip Replacement (Cemented)
INV-IMPL-SUTURETAPE_ANCHORS,SutureTape Anchors,implant,Implants,Smith & Nephew,SUP-SN,Smith & Nephew,IMP-319009,05023534121362,each,True,True,True,True,active,1,Arthroscopic Rotator Cuff Repair
INV-IMPL-SWIVELOCK_ANCHORS,SwiveLock Anchors,implant,Implants,Stryker,SUP-STRYKER,Stryker UK,IMP-576685,05044643114367,each,True,True,True,True,active,1,Arthroscopic Rotator Cuff Repair
INV-IMPL-TENODESIS_SCREW,Tenodesis Screw,implant,Implants,DePuy Synthes,SUP-DEPUY,DePuy Synthes,IMP-320487,05006638470249,each,True,True,True,True,active,1,Arthroscopic Biceps Tenodesis
INV-IMPL-TIBIAL_BASEPLATE,Tibial Baseplate,implant,Implants,Arthrex,SUP-ARTHREX,Arthrex,IMP-835265,05003699639321,each,True,True,True,True,active,1,Total Knee Replacement
INV-IMPL-TRAPEZIATOME_SPACER,Trapeziatome Spacer,implant,Implants,Arthrex,SUP-ARTHREX,Arthrex,IMP-747591,05065416362467,each,True,True,True,True,active,1,Thumb Carpometacarpal Joint Arthroplasty
INV-SUTU-CLIPS,Clips,suture,Sutures,Molnlycke,SUP-STRYKER,Stryker UK,SUT-956961,05096825067104,box,True,True,False,False,active,1,Fixation of fracture of neck of femur using intramedullary nail
INV-SUTU-ETHIBOND_EXCEL_2,Ethibond Excel #2,suture,Sutures,Unisurge,SUP-UNISURGE,Unisurge,SUT-806562,05023851978378,box,True,True,False,False,active,3,General orthopaedic theatre; Reverse Shoulder Replacement; Total Shoulder Replacement
INV-SUTU-ETHIBOND_EXCEL_5,Ethibond Excel #5,suture,Sutures,NHS Supply Chain,SUP-NHS-SUPPLY,NHS Supply Chain,SUT-924162,05058567326819,box,True,True,False,False,active,1,General orthopaedic theatre
INV-SUTU-ETHILON_3_0,Ethilon 3-0,suture,Sutures,Ethicon,SUP-STRYKER,Stryker UK,SUT-994297,05044660016659,box,True,True,False,False,active,1,General orthopaedic theatre
INV-SUTU-ETHILON_4_0,Ethilon 4-0,suture,Sutures,Ethicon,SUP-DEPUY,DePuy Synthes,SUT-889284,05034683673221,box,True,True,False,False,active,1,General orthopaedic theatre
INV-SUTU-FIBERTAPE_2MM,FiberTape 2mm,suture,Sutures,Unisurge,SUP-UNISURGE,Unisurge,SUT-133813,05078325674827,box,True,True,False,False,active,1,General orthopaedic theatre
INV-SUTU-FIBERWIRE_2,FiberWire #2,suture,Sutures,Ethicon,SUP-SN,Smith & Nephew,SUT-455452,05046462704534,box,True,True,False,False,active,3,Arthroscopic Biceps Tenodesis; Arthroscopic Rotator Cuff Repair; General orthopaedic theatre
INV-SUTU-FIBERWIRE_5,FiberWire #5,suture,Sutures,Ethicon,SUP-UNISURGE,Unisurge,SUT-887676,05076915246019,box,True,True,False,False,active,2,General orthopaedic theatre; Open Achilles Tendon Repair
INV-SUTU-MONOCRYL_3_0,Monocryl 3-0,suture,Sutures,Ethicon,SUP-ARTHREX,Arthrex,SUT-491334,05085900314491,box,True,True,False,False,active,7,General orthopaedic theatre; Lumbar Laminectomy; Reverse Shoulder Replacement; Spinal Microdiscectomy; Total Hip Replacement (Cemented); Total Knee Replacement; Total Shoulder Replacement
INV-SUTU-MONOCRYL_4_0,Monocryl 4-0,suture,Sutures,Unisurge,SUP-UNISURGE,Unisurge,SUT-698312,05032752368299,box,True,True,False,False,active,1,General orthopaedic theatre
INV-SUTU-MONOCRYL_5_0,Monocryl 5-0,suture,Sutures,NHS Supply Chain,SUP-NHS-SUPPLY,NHS Supply Chain,SUT-365867,05084373817181,box,True,True,False,False,active,1,General orthopaedic theatre
INV-SUTU-NYLON_3_0,Nylon 3-0,suture,Sutures,Ethicon,SUP-NHS-SUPPLY,NHS Supply Chain,SUT-566420,05032778077273,box,True,True,False,False,active,5,Ankle Arthroscopy; MTPJ Fusion; ORIF Ankle; ORIF Tibia and Fibula; Open Achilles Tendon Repair
INV-SUTU-NYLON_4_0,Nylon 4-0,suture,Sutures,Molnlycke,SUP-ARTHREX,Arthrex,SUT-765664,05089025797475,box,True,True,False,False,active,3,Carpal Tunnel Release; Percutaneous Trigger Finger Release; Thumb Carpometacarpal Joint Arthroplasty
INV-SUTU-PDS_II_0,PDS II 0,suture,Sutures,Molnlycke,SUP-NHS-SUPPLY,NHS Supply Chain,SUT-820698,05012500905187,box,True,True,False,False,active,1,General orthopaedic theatre
INV-SUTU-PDS_II_1,PDS II 1,suture,Sutures,Molnlycke,SUP-ARTHREX,Arthrex,SUT-456828,05003625155788,box,True,True,False,False,active,1,General orthopaedic theatre
INV-SUTU-PDS_II_2_0,PDS II 2-0,suture,Sutures,Unisurge,SUP-UNISURGE,Unisurge,SUT-498087,05046564804457,box,True,True,False,False,active,1,General orthopaedic theatre
INV-SUTU-PROLENE_3_0,Prolene 3-0,suture,Sutures,Molnlycke,SUP-ZIMMER,Zimmer Biomet,SUT-582540,05084853715354,box,True,True,False,False,active,1,General orthopaedic theatre
INV-SUTU-PROLENE_4_0,Prolene 4-0,suture,Sutures,Unisurge,SUP-UNISURGE,Unisurge,SUT-425320,05091068689064,box,True,True,False,False,active,1,General orthopaedic theatre
INV-SUTU-SUTURETAPE_1_3MM,SutureTape 1.3mm,suture,Sutures,NHS Supply Chain,SUP-NHS-SUPPLY,NHS Supply Chain,SUT-166801,05000379088969,box,True,True,False,False,active,3,Arthroscopic Biceps Tenodesis; Arthroscopic Rotator Cuff Repair; General orthopaedic theatre
INV-SUTU-TI_CRON_2,Ti-Cron #2,suture,Sutures,Unisurge,SUP-UNISURGE,Unisurge,SUT-633543,05091307212061,box,True,True,False,False,active,1,General orthopaedic theatre
INV-SUTU-TIGERWIRE_2,TigerWire #2,suture,Sutures,NHS Supply Chain,SUP-NHS-SUPPLY,NHS Supply Chain,SUT-576020,05052484426050,box,True,True,False,False,active,1,General orthopaedic theatre
INV-SUTU-VICRYL_0,Vicryl 0,suture,Sutures,Molnlycke,SUP-STRYKER,Stryker UK,SUT-338007,05079801696710,box,True,True,False,False,active,1,General orthopaedic theatre
INV-SUTU-VICRYL_1,Vicryl 1,suture,Sutures,Molnlycke,SUP-ARTHREX,Arthrex,SUT-255326,05076811732060,box,True,True,False,False,active,6,Fixation of fracture of neck of femur using intramedullary nail; General orthopaedic theatre; Lumbar Laminectomy; ORIF Tibia and Fibula; Total Hip Replacement (Cemented); Total Knee Replacement
INV-SUTU-VICRYL_2_0,Vicryl 2-0,suture,Sutures,NHS Supply Chain,SUP-NHS-SUPPLY,NHS Supply Chain,SUT-478642,05011312704937,box,True,True,False,False,active,13,Fixation of fracture of neck of femur using intramedullary nail; General orthopaedic theatre; Lumbar Laminectomy; MTPJ Fusion; ORIF Ankle; ORIF Tibia and Fibula; Open Achilles Tendon Repair; Reverse Shoulder Replacement; Spinal Microdiscectomy; Thumb Carpometacarpal Joint Arthroplasty; Total Hip Replacement (Cemented); Total Knee Replacement; Total Shoulder Replacement
INV-SUTU-VICRYL_3_0,Vicryl 3-0,suture,Sutures,Unisurge,SUP-UNISURGE,Unisurge,SUT-593837,05005214877400,box,True,True,False,False,active,1,General orthopaedic theatre
INV-DRES-ADAPTIC,Adaptic,dressing,Dressings,NHS Supply Chain,SUP-NHS-SUPPLY,NHS Supply Chain,DRE-897387,05000916449279,each,True,True,False,False,active,1,General orthopaedic theatre
INV-DRES-AQUACEL_AG,Aquacel Ag,dressing,Dressings,Ethicon,SUP-ZIMMER,Zimmer Biomet,DRE-388006,05097722152676,box,True,True,False,False,active,1,General orthopaedic theatre
INV-DRES-AQUACEL_SURGICAL,Aquacel Surgical,dressing,Dressings,Ethicon,SUP-ZIMMER,Zimmer Biomet,DRE-896013,05044099590294,pack,True,True,False,False,active,4,Fixation of fracture of neck of femur using intramedullary nail; General orthopaedic theatre; Total Hip Replacement (Cemented); Total Knee Replacement
INV-DRES-CREPE_BANDAGE,Crepe Bandage,dressing,Dressings,Molnlycke,SUP-SN,Smith & Nephew,DRE-531687,05066693740544,box,True,True,False,False,active,4,Carpal Tunnel Release; General orthopaedic theatre; Percutaneous Trigger Finger Release; Thumb Carpometacarpal Joint Arthroplasty
INV-DRES-JELONET,Jelonet,dressing,Dressings,Unisurge,SUP-UNISURGE,Unisurge,DRE-508811,05090429248758,each,True,True,False,False,active,1,General orthopaedic theatre
INV-DRES-MELOLIN,Melolin,dressing,Dressings,Molnlycke,SUP-NHS-SUPPLY,NHS Supply Chain,DRE-910266,05033490673490,box,True,True,False,False,active,1,General orthopaedic theatre
INV-DRES-MEPITEL,Mepitel,dressing,Dressings,Molnlycke,SUP-DEPUY,DePuy Synthes,DRE-864355,05085136984857,pack,True,True,False,False,active,1,General orthopaedic theatre
INV-DRES-MEPORE,Mepore,dressing,Dressings,Unisurge,SUP-UNISURGE,Unisurge,DRE-133664,05033312459956,pack,True,True,False,False,active,11,Ankle Arthroscopy; Carpal Tunnel Release; General orthopaedic theatre; MTPJ Fusion; ORIF Ankle; ORIF Tibia and Fibula; Open Achilles Tendon Repair; Percutaneous Trigger Finger Release; Reverse Shoulder Replacement; Thumb Carpometacarpal Joint Arthroplasty; Total Shoulder Replacement
INV-DRES-OPSITE_FLEXIFIX,Opsite Flexifix,dressing,Dressings,Unisurge,SUP-UNISURGE,Unisurge,DRE-794110,05030751571259,each,True,True,False,False,active,1,General orthopaedic theatre
INV-DRES-OPSITE_POST_OP,Opsite Post-Op,dressing,Dressings,Ethicon,SUP-MEDTRONIC,Medtronic,DRE-764106,05089010397993,box,True,True,False,False,active,5,Arthroscopic Biceps Tenodesis; Arthroscopic Rotator Cuff Repair; General orthopaedic theatre; Lumbar Laminectomy; Spinal Microdiscectomy
INV-DRES-PRIMAPORE,Primapore,dressing,Dressings,Ethicon,SUP-NHS-SUPPLY,NHS Supply Chain,DRE-920218,05017992405326,each,True,True,False,False,active,1,General orthopaedic theatre
INV-DRES-STERI_STRIPS_12MM,Steri-Strips 12mm,dressing,Dressings,NHS Supply Chain,SUP-NHS-SUPPLY,NHS Supply Chain,DRE-718184,05000857719611,box,True,True,False,False,active,1,General orthopaedic theatre
INV-DRES-STERI_STRIPS_6MM,Steri-Strips 6mm,dressing,Dressings,Ethicon,SUP-SN,Smith & Nephew,DRE-546584,05018627253320,box,True,True,False,False,active,1,General orthopaedic theatre
INV-DRES-TEGADERM_FOAM,Tegaderm Foam,dressing,Dressings,Ethicon,SUP-STRYKER,Stryker UK,DRE-550009,05080048701250,each,True,True,False,False,active,1,General orthopaedic theatre
INV-DRES-TUBIGRIP_SIZE_B,Tubigrip Size B,dressing,Dressings,Ethicon,SUP-UNISURGE,Unisurge,DRE-731072,05017554615762,box,True,True,False,False,active,1,General orthopaedic theatre
INV-DRES-TUBIGRIP_SIZE_C,Tubigrip Size C,dressing,Dressings,Unisurge,SUP-UNISURGE,Unisurge,DRE-581494,05020730231952,box,True,True,False,False,active,1,General orthopaedic theatre
INV-DRES-WOOL_AND_CREPE,Wool and Crepe,dressing,Dressings,NHS Supply Chain,SUP-NHS-SUPPLY,NHS Supply Chain,DRE-519514,05060175537152,box,True,True,False,False,active,7,Ankle Arthroscopy; General orthopaedic theatre; MTPJ Fusion; ORIF Ankle; ORIF Tibia and Fibula; Open Achilles Tendon Repair; Total Knee Replacement
