Location Id,Hospital,Location Name,Location Type,Sterile Store,Barcode Enabled
LOC-STOCK-01,Riverside Elective Surgical Hub, Main Theatre Sterile Store ,stockroom,Yes,Y
LOC-STOCK-02,Riverside Elective Surgical Hub,Orthopaedic Implant Store,stockroom,Y,Y
LOC-STOCK-03,Riverside Elective Surgical Hub, Day Surgery Store ,stockroom,N,Y
LOC-STOCK-04,Local NHS Trust,Trauma Emergency Cupboard,stockroom,N,No
LOC-STOCK-05,Northbank Orthopaedic Centre,Vendor Loan Kit Holding Bay,stockroom,No,Yes
LOC-THEATRE-01,Local NHS Trust, Theatre 1 - Orthopaedic Elective ,theatre,No,Yes
LOC-THEATRE-02,Local NHS Trust,Theatre 2 - Trauma,theatre,No,Y
LOC-THEATRE-03, Local NHS Trust ,Theatre 3 - Day Case,theatre,N,No
LOC-THEATRE-04,Local NHS Trust,Theatre 4 - Laminar Flow, theatre ,N,Yes
