lot_id,item_id,canonical_name,item_type,catalogue_number,barcode_gtin,unit_of_measure,location_id,location_name,batch_number,serial_number,expiry_date,recall_status,sterility_status,quantity_on_hand,quantity_reserved,unit_cost_gbp,last_counted_at,source_system
LOT-INST-ARTHREX_CUFF_REPAIR_KIT-01,INV-INST-ARTHREX_CUFF_REPAIR_KIT,Arthrex Cuff Repair Kit,instrument,INS-710385,05010433218196,tray,LOC-STOCK-01,Main Theatre Sterile Store,B588002,S6147356,,clear,in_use,1,0,1770.31,2026-06-22T00:00:00+00:00,ERP Materials Management
LOT-INST-BICEPS_TENODESIS_KIT-01,INV-INST-BICEPS_TENODESIS_KIT,Biceps Tenodesis Kit,instrument,INS-860182,05001338908386,tray,LOC-STOCK-03,Day Surgery Store,B744481,S4705235,,clear,in_use,5,1,3840.1,2026-06-23T00:00:00+00:00,Manual Theatre Stocktake
LOT-INST-CPCS_TOTAL_HIP_SYSTEM-01,INV-INST-CPCS_TOTAL_HIP_SYSTEM,CPCS Total Hip System,instrument,INS-387907,05079402654235,tray,LOC-STOCK-04,Trauma Emergency Cupboard,B836038,S8899184,,quarantined,awaiting_sterilisation,3,1,3106.97,2026-06-17T00:00:00+00:00,ERP Materials Management
LOT-INST-CASPAR_RETRACTOR_SYSTEM-01,INV-INST-CASPAR_RETRACTOR_SYSTEM,Caspar Retractor System,instrument,INS-603026,05016155940781,tray,LOC-STOCK-03,Day Surgery Store,B181896,S2882551,,clear,sterile,9,0,3357.9,2026-06-22T00:00:00+00:00,Manual Theatre Stocktake
LOT-INST-CONMED_POWERTOOLS-01,INV-INST-CONMED_POWERTOOLS,Conmed PowerTools,instrument,INS-212915,05018495931034,tray,LOC-STOCK-05,Vendor Loan Kit Holding Bay,B563303,S2950183,,clear,awaiting_sterilisation,6,5,1020.26,2026-06-20T00:00:00+00:00,ScanTrack Theatre Inventory
LOT-INST-CONMED_POWERTOOLS_WITH_TRINKLE-01,INV-INST-CONMED_POWERTOOLS_WITH_TRINKLE,Conmed PowerTools with Trinkle,instrument,INS-540250,05031647525534,tray,LOC-STOCK-04,Trauma Emergency Cupboard,B238353,S9610869,,clear,awaiting_sterilisation,1,1,1962.99,2026-07-07T00:00:00+00:00,ERP Materials Management
LOT-INST-DEPUY_SYNTHES_TFNA_INSTRUMENT_-01,INV-INST-DEPUY_SYNTHES_TFNA_INSTRUMENT_,DePuy Synthes TFNA Instrument Tray,instrument,INS-534059,05019283276483,tray,LOC-STOCK-04,Trauma Emergency Cupboard,B366817,S1050591,,clear,awaiting_sterilisation,1,0,2418.67,2026-07-07T00:00:00+00:00,ScanTrack Theatre Inventory
LOT-INST-HAND_ARTHROPLASTY_SET-01,INV-INST-HAND_ARTHROPLASTY_SET,Hand Arthroplasty Set,instrument,INS-104537,05003056413953,tray,LOC-STOCK-01,Main Theatre Sterile Store,B595002,S1532422,,clear,awaiting_sterilisation,1,1,1783.25,2026-07-04T00:00:00+00:00,ERP Materials Management
LOT-INST-HERAEUS_CEMENT_GUN-01,INV-INST-HERAEUS_CEMENT_GUN,Heraeus Cement Gun,instrument,INS-416554,05067242388496,tray,LOC-STOCK-04,Trauma Emergency Cupboard,B570325,S7333337,,supplier_notice,awaiting_sterilisation,6,3,550.94,2026-06-17T00:00:00+00:00,ERP Materials Management
LOT-INST-JOURNEY_II_BCS_KNEE_SYSTEM-01,INV-INST-JOURNEY_II_BCS_KNEE_SYSTEM,JOURNEY II BCS Knee System,instrument,INS-725688,05053287101226,tray,LOC-STOCK-02,Orthopaedic Implant Store,B663356,S7594429,,clear,awaiting_sterilisation,2,2,727.55,2026-07-01T00:00:00+00:00,Manual Theatre Stocktake
LOT-INST-JUG-01,INV-INST-JUG,Jug,instrument,INS-223302,05066978480184,tray,LOC-STOCK-05,Vendor Loan Kit Holding Bay,B544730,S9924365,,supplier_notice,sterile,8,3,3337.6,2026-07-01T00:00:00+00:00,ScanTrack Theatre Inventory
LOT-INST-LARGE_ORTHOPAEDIC_SET-01,INV-INST-LARGE_ORTHOPAEDIC_SET,Large Orthopaedic Set,instrument,INS-455066,05014627048281,tray,LOC-STOCK-01,Main Theatre Sterile Store,B948799,S8033690,,clear,sterile,2,2,3122.7,2026-07-08T00:00:00+00:00,Manual Theatre Stocktake
LOT-INST-MEDACTA_SHOULDER_SYSTEM_MSS-01,INV-INST-MEDACTA_SHOULDER_SYSTEM_MSS,Medacta Shoulder System (MSS),instrument,INS-978068,05089325288095,tray,LOC-STOCK-04,Trauma Emergency Cupboard,B726822,S1816653,,clear,sterile,1,0,3027.03,2026-06-26T00:00:00+00:00,ScanTrack Theatre Inventory
LOT-INST-MICRO_DISCECTOMY_CURETTES_SET-01,INV-INST-MICRO_DISCECTOMY_CURETTES_SET,Micro-discectomy Curettes Set,instrument,INS-738778,05001543039117,tray,LOC-STOCK-02,Orthopaedic Implant Store,B628373,S5853035,,clear,awaiting_sterilisation,1,0,3309.2,2026-06-20T00:00:00+00:00,ScanTrack Theatre Inventory
LOT-INST-MINOR_HAND_INSTRUMENT_SET-01,INV-INST-MINOR_HAND_INSTRUMENT_SET,Minor Hand Instrument Set,instrument,INS-345214,05082278248963,tray,LOC-STOCK-02,Orthopaedic Implant Store,B416422,S3403511,,clear,awaiting_sterilisation,6,5,2204.69,2026-06-25T00:00:00+00:00,ScanTrack Theatre Inventory
LOT-INST-SMALL_BONE_SET-01,INV-INST-SMALL_BONE_SET,Small Bone Set,instrument,INS-130616,05046578713315,tray,LOC-STOCK-02,Orthopaedic Implant Store,B756401,S8167236,,clear,sterile,10,4,2108.58,2026-06-27T00:00:00+00:00,ERP Materials Management
LOT-INST-SMALL_JOINT_ARTHROSCOPY_SET-01,INV-INST-SMALL_JOINT_ARTHROSCOPY_SET,Small Joint Arthroscopy Set,instrument,INS-702882,05098393010310,tray,LOC-STOCK-04,Trauma Emergency Cupboard,B528090,S3503456,,clear,in_use,6,2,1661.73,2026-06-21T00:00:00+00:00,ScanTrack Theatre Inventory
LOT-INST-SMITH_NEPHEW_R3_ACETABULAR_SYS-01,INV-INST-SMITH_NEPHEW_R3_ACETABULAR_SYS,Smith & Nephew R3 Acetabular System,instrument,INS-804054,05051834738299,tray,LOC-STOCK-04,Trauma Emergency Cupboard,B160423,S7923579,,clear,sterile,3,3,2339.83,2026-07-04T00:00:00+00:00,ScanTrack Theatre Inventory
LOT-INST-SPLASH_BOWL-01,INV-INST-SPLASH_BOWL,Splash Bowl,instrument,INS-265939,05037631165667,tray,LOC-STOCK-04,Trauma Emergency Cupboard,B988283,S7225647,,clear,in_use,2,0,2258.63,2026-07-02T00:00:00+00:00,Manual Theatre Stocktake
LOT-INST-SYNTHES_LARGE_FRAGMENT_SET-01,INV-INST-SYNTHES_LARGE_FRAGMENT_SET,Synthes Large Fragment Set,instrument,INS-636208,05001065133387,tray,LOC-STOCK-01,Main Theatre Sterile Store,B176319,S4156856,,clear,in_use,10,4,2966.14,2026-06-21T00:00:00+00:00,Manual Theatre Stocktake
LOT-INST-SYNTHES_SMALL_FRAGMENT_SET-01,INV-INST-SYNTHES_SMALL_FRAGMENT_SET,Synthes Small Fragment Set,instrument,INS-698409,05026247317810,tray,LOC-STOCK-03,Day Surgery Store,B116078,S4553544,,clear,sterile,6,1,3857.79,2026-07-05T00:00:00+00:00,ERP Materials Management
LOT-INST-ZIMMER_BIOMET_COMPREHENSIVE_SH-01,INV-INST-ZIMMER_BIOMET_COMPREHENSIVE_SH,Zimmer Biomet Comprehensive Shoulder System,instrument,INS-746080,05080132677360,tray,LOC-STOCK-02,Orthopaedic Implant Store,B515898,S5015307,,clear,in_use,10,4,1456.06,2026-06-29T00:00:00+00:00,ScanTrack Theatre Inventory
LOT-EQUI-ARTHREX_SYNERGY_UHD4_IMAGING_C-01,INV-EQUI-ARTHREX_SYNERGY_UHD4_IMAGING_C,Arthrex Synergy UHD4 Imaging Console,equipment,EQU-843844,05026064746872,device,LOC-STOCK-03,Day Surgery Store,B477114,S9603633,,clear,awaiting_sterilisation,3,3,6019.25,2026-06-23T00:00:00+00:00,ScanTrack Theatre Inventory
LOT-EQUI-ARTHROSCOPY_STACK_SYSTEM_WITH_-01,INV-EQUI-ARTHROSCOPY_STACK_SYSTEM_WITH_,Arthroscopy stack system with HD camera,equipment,EQU-721574,05043098050097,device,LOC-STOCK-05,Vendor Loan Kit Holding Bay,B332022,S3448176,,clear,in_use,1,0,3720.67,2026-06-20T00:00:00+00:00,ERP Materials Management
LOT-EQUI-C_ARM_IMAGE_INTENSIFIER-01,INV-EQUI-C_ARM_IMAGE_INTENSIFIER,C-Arm Image Intensifier,equipment,EQU-969500,05008121913619,device,LOC-STOCK-03,Day Surgery Store,B341192,S7372653,,clear,in_use,2,2,10133.66,2026-06-23T00:00:00+00:00,ERP Materials Management
LOT-EQUI-CEMENT_VACUUM_FOOT_PUMP-01,INV-EQUI-CEMENT_VACUUM_FOOT_PUMP,Cement Vacuum Foot Pump,equipment,EQU-624991,05099091699854,device,LOC-STOCK-04,Trauma Emergency Cupboard,B583214,S3822492,,clear,awaiting_sterilisation,4,2,2695.78,2026-06-21T00:00:00+00:00,ScanTrack Theatre Inventory
LOT-EQUI-CEMENT_VACUUM_FOOTPUMP-01,INV-EQUI-CEMENT_VACUUM_FOOTPUMP,Cement Vacuum Footpump,equipment,EQU-850094,05053462475107,device,LOC-STOCK-05,Vendor Loan Kit Holding Bay,B135466,S2247057,,quarantined,awaiting_sterilisation,0,0,9360.6,2026-06-25T00:00:00+00:00,Manual Theatre Stocktake
LOT-EQUI-DIATHERMY_MACHINE-01,INV-EQUI-DIATHERMY_MACHINE,Diathermy Machine,equipment,EQU-431764,05018384251354,device,LOC-STOCK-01,Main Theatre Sterile Store,B329344,S9484790,,clear,awaiting_sterilisation,2,1,4979.85,2026-06-19T00:00:00+00:00,ERP Materials Management
LOT-EQUI-JACKSON_SPINAL_SURGERY_TABLE-01,INV-EQUI-JACKSON_SPINAL_SURGERY_TABLE,Jackson Spinal Surgery Table,equipment,EQU-118965,05078498084124,device,LOC-STOCK-01,Main Theatre Sterile Store,B106933,S9929043,,clear,awaiting_sterilisation,4,4,5406.99,2026-07-08T00:00:00+00:00,ERP Materials Management
LOT-EQUI-MIDAS_REX_SPINE_SHAVER_DRILL-01,INV-EQUI-MIDAS_REX_SPINE_SHAVER_DRILL,Midas Rex Spine Shaver / Drill,equipment,EQU-194607,05011824493534,device,LOC-STOCK-01,Main Theatre Sterile Store,B626611,S8223819,,clear,in_use,3,1,1998.58,2026-07-05T00:00:00+00:00,ERP Materials Management
LOT-EQUI-STANDARD_DIATHERMY_MACHINE-01,INV-EQUI-STANDARD_DIATHERMY_MACHINE,Standard Diathermy Machine,equipment,EQU-394875,05040164005242,device,LOC-STOCK-03,Day Surgery Store,B380310,S7658817,,clear,sterile,3,0,4978.18,2026-06-26T00:00:00+00:00,ScanTrack Theatre Inventory
LOT-EQUI-STRYKER_SMARTPUMP_TOURNIQUET_S-01,INV-EQUI-STRYKER_SMARTPUMP_TOURNIQUET_S,Stryker SmartPump Tourniquet System,equipment,EQU-105135,05078680112805,device,LOC-STOCK-03,Day Surgery Store,B817269,S2352527,,quarantined,sterile,1,0,1847.21,2026-06-26T00:00:00+00:00,ScanTrack Theatre Inventory
LOT-EQUI-STRYKER_SYSTEM_8_POWER_TOOL_KI-01,INV-EQUI-STRYKER_SYSTEM_8_POWER_TOOL_KI,Stryker System 8 Power Tool Kit,equipment,EQU-997622,05098262045053,device,LOC-STOCK-02,Orthopaedic Implant Store,B186702,S9386232,,clear,in_use,1,1,8022.96,2026-06-28T00:00:00+00:00,ERP Materials Management
LOT-EQUI-SUCTION_MACHINE-01,INV-EQUI-SUCTION_MACHINE,Suction Machine,equipment,EQU-214109,05015869232260,device,LOC-STOCK-02,Orthopaedic Implant Store,B321686,S8977571,,clear,sterile,1,1,1321.49,2026-07-06T00:00:00+00:00,ERP Materials Management
LOT-DRAP-ANKLE_ARTHROSCOPY_DRAPE_PACK-01,INV-DRAP-ANKLE_ARTHROSCOPY_DRAPE_PACK,Ankle Arthroscopy Drape Pack,drape,DRA-518422,05056342160733,pack,LOC-STOCK-02,Orthopaedic Implant Store,B991737,,2027-01-04,clear,sterile,6,2,13.14,2026-07-02T00:00:00+00:00,ERP Materials Management
LOT-DRAP-ANKLE_ARTHROSCOPY_DRAPE_PACK-02,INV-DRAP-ANKLE_ARTHROSCOPY_DRAPE_PACK,Ankle Arthroscopy Drape Pack,drape,DRA-518422,05056342160733,pack,LOC-STOCK-01,Main Theatre Sterile Store,B413814,,2026-07-15,clear,sterile,29,1,53.17,2026-06-20T00:00:00+00:00,ScanTrack Theatre Inventory
LOT-DRAP-ANKLE_ARTHROSCOPY_DRAPE_PACK-03,INV-DRAP-ANKLE_ARTHROSCOPY_DRAPE_PACK,Ankle Arthroscopy Drape Pack,drape,DRA-518422,05056342160733,pack,LOC-STOCK-04,Trauma Emergency Cupboard,B892313,,2027-07-08,clear,sterile,25,5,22.22,2026-07-06T00:00:00+00:00,ERP Materials Management
LOT-DRAP-APPROACH_DRAPE-01,INV-DRAP-APPROACH_DRAPE,Approach Drape,drape,DRA-851239,05043303654145,pack,LOC-STOCK-01,Main Theatre Sterile Store,B457137,,2026-06-18,clear,sterile,18,4,68.14,2026-06-19T00:00:00+00:00,ScanTrack Theatre Inventory
LOT-DRAP-APPROACH_DRAPE-02,INV-DRAP-APPROACH_DRAPE,Approach Drape,drape,DRA-851239,05043303654145,pack,LOC-STOCK-03,Day Surgery Store,B921609,,2028-06-27,clear,sterile,44,3,47.81,2026-06-27T00:00:00+00:00,ERP Materials Management
LOT-DRAP-APPROACH_DRAPE-03,INV-DRAP-APPROACH_DRAPE,Approach Drape,drape,DRA-851239,05043303654145,pack,LOC-STOCK-04,Trauma Emergency Cupboard,B189856,,2026-10-06,clear,sterile,41,4,33.56,2026-07-01T00:00:00+00:00,ERP Materials Management
LOT-DRAP-BROWN_STOCKINETTE_UNISURGE_15C-01,INV-DRAP-BROWN_STOCKINETTE_UNISURGE_15C,"Brown Stockinette (Unisurge, 15cm x 1.5m, REF: F825195)",drape,DRA-626617,05001429401965,pack,LOC-STOCK-02,Orthopaedic Implant Store,B875584,,2026-06-18,clear,sterile,28,3,35.12,2026-07-05T00:00:00+00:00,Manual Theatre Stocktake
LOT-DRAP-EXTREMITY_DRAPE-01,INV-DRAP-EXTREMITY_DRAPE,Extremity Drape,drape,DRA-783790,05098169340608,pack,LOC-STOCK-01,Main Theatre Sterile Store,B238943,,2026-08-07,clear,sterile,21,0,25.68,2026-06-24T00:00:00+00:00,ERP Materials Management
LOT-DRAP-HAND_AND_FOOT_APERTURE_DRAPE_P-01,INV-DRAP-HAND_AND_FOOT_APERTURE_DRAPE_P,Hand and Foot Aperture Drape Pack,drape,DRA-710083,05056159514846,pack,LOC-STOCK-05,Vendor Loan Kit Holding Bay,B197584,,2026-06-18,clear,sterile,26,4,55.66,2026-06-28T00:00:00+00:00,ScanTrack Theatre Inventory
LOT-DRAP-HAND_AND_FOOT_APERTURE_DRAPE_P-02,INV-DRAP-HAND_AND_FOOT_APERTURE_DRAPE_P,Hand and Foot Aperture Drape Pack,drape,DRA-710083,05056159514846,pack,LOC-STOCK-01,Main Theatre Sterile Store,B860053,,2026-06-18,clear,sterile,28,4,78.08,2026-07-01T00:00:00+00:00,ERP Materials Management
LOT-DRAP-HAND_AND_FOOT_APERTURE_DRAPE_P-03,INV-DRAP-HAND_AND_FOOT_APERTURE_DRAPE_P,Hand and Foot Aperture Drape Pack,drape,DRA-710083,05056159514846,pack,LOC-STOCK-02,Orthopaedic Implant Store,B245584,,2027-01-04,clear,sterile,28,2,33.98,2026-06-23T00:00:00+00:00,Manual Theatre Stocktake
LOT-DRAP-HAND_AND_FOOT_APERTURE_DRAPE_P-04,INV-DRAP-HAND_AND_FOOT_APERTURE_DRAPE_P,Hand and Foot Aperture Drape Pack,drape,DRA-710083,05056159514846,pack,LOC-STOCK-04,Trauma Emergency Cupboard,B414313,,2026-06-18,clear,sterile,21,3,69.13,2026-06-27T00:00:00+00:00,ScanTrack Theatre Inventory
LOT-DRAP-HIP_FRACTURE_DRAPE_PACK-01,INV-DRAP-HIP_FRACTURE_DRAPE_PACK,Hip Fracture Drape Pack,drape,DRA-347161,05048236629946,pack,LOC-STOCK-05,Vendor Loan Kit Holding Bay,B305047,,2027-07-08,clear,sterile,42,3,19.81,2026-06-29T00:00:00+00:00,Manual Theatre Stocktake
LOT-DRAP-HIP_FRACTURE_DRAPE_PACK-02,INV-DRAP-HIP_FRACTURE_DRAPE_PACK,Hip Fracture Drape Pack,drape,DRA-347161,05048236629946,pack,LOC-STOCK-04,Trauma Emergency Cupboard,B943135,,2026-10-06,clear,sterile,43,2,44.14,2026-06-25T00:00:00+00:00,ERP Materials Management
LOT-DRAP-OPTAPE_X_1_USES_2_AROUND_THE_G-01,INV-DRAP-OPTAPE_X_1_USES_2_AROUND_THE_G,Optape x 1 (uses 2 around the glove on the ankle),drape,DRA-454767,05044369957773,pack,LOC-STOCK-04,Trauma Emergency Cupboard,B429445,,2026-08-07,clear,sterile,16,1,82.41,2026-06-28T00:00:00+00:00,ScanTrack Theatre Inventory
LOT-DRAP-OPTAPE_X_1_USES_2_AROUND_THE_G-02,INV-DRAP-OPTAPE_X_1_USES_2_AROUND_THE_G,Optape x 1 (uses 2 around the glove on the ankle),drape,DRA-454767,05044369957773,pack,LOC-STOCK-05,Vendor Loan Kit Holding Bay,B919959,,2027-07-08,clear,sterile,35,1,35.79,2026-06-30T00:00:00+00:00,ScanTrack Theatre Inventory
LOT-DRAP-PLASTIC_U_DRAPE-01,INV-DRAP-PLASTIC_U_DRAPE,Plastic U drape,drape,DRA-698030,05014895134332,pack,LOC-STOCK-05,Vendor Loan Kit Holding Bay,B672133,,2026-06-18,clear,sterile,16,1,61.77,2026-06-21T00:00:00+00:00,Manual Theatre Stocktake
LOT-DRAP-PLASTIC_U_DRAPE-02,INV-DRAP-PLASTIC_U_DRAPE,Plastic U drape,drape,DRA-698030,05014895134332,pack,LOC-STOCK-04,Trauma Emergency Cupboard,B936433,,2027-07-08,clear,sterile,17,2,72.68,2026-07-06T00:00:00+00:00,ScanTrack Theatre Inventory
LOT-DRAP-PLASTIC_U_DRAPE-03,INV-DRAP-PLASTIC_U_DRAPE,Plastic U drape,drape,DRA-698030,05014895134332,pack,LOC-STOCK-03,Day Surgery Store,B353777,,2027-07-08,clear,sterile,44,2,60.08,2026-06-25T00:00:00+00:00,ScanTrack Theatre Inventory
LOT-DRAP-REINFORCED_ADHESIVE_EDGE_DRAPE-01,INV-DRAP-REINFORCED_ADHESIVE_EDGE_DRAPE,Reinforced Adhesive Edge Drape (150x240cm),drape,DRA-940301,05003791769367,pack,LOC-STOCK-05,Vendor Loan Kit Holding Bay,B520274,,2026-10-06,quarantined,sterile,17,4,48.98,2026-06-25T00:00:00+00:00,ERP Materials Management
LOT-DRAP-REINFORCED_ADHESIVE_EDGE_DRAPE-01,INV-DRAP-REINFORCED_ADHESIVE_EDGE_DRAPE,Reinforced Adhesive Edge Drape (150x240cm) x 2 (For the side and the extension for the bottom),drape,DRA-532869,05020163287083,pack,LOC-STOCK-05,Vendor Loan Kit Holding Bay,B769180,,2028-06-27,supplier_notice,sterile,38,0,19.98,2026-07-01T00:00:00+00:00,ERP Materials Management
LOT-DRAP-REINFORCED_SPLIT_SHEET_200X260-01,INV-DRAP-REINFORCED_SPLIT_SHEET_200X260,Reinforced Split Sheet (200x260cm),drape,DRA-720989,05072788957986,pack,LOC-STOCK-05,Vendor Loan Kit Holding Bay,B776364,,2026-07-15,clear,sterile,6,5,59.21,2026-06-28T00:00:00+00:00,ScanTrack Theatre Inventory
LOT-DRAP-REINFORCED_SPLIT_SHEET_200X260-02,INV-DRAP-REINFORCED_SPLIT_SHEET_200X260,Reinforced Split Sheet (200x260cm),drape,DRA-720989,05072788957986,pack,LOC-STOCK-02,Orthopaedic Implant Store,B635482,,2026-06-18,clear,sterile,20,5,49.87,2026-06-20T00:00:00+00:00,ERP Materials Management
LOT-DRAP-REINFORCED_SPLIT_SHEET_200X260-03,INV-DRAP-REINFORCED_SPLIT_SHEET_200X260,Reinforced Split Sheet (200x260cm),drape,DRA-720989,05072788957986,pack,LOC-STOCK-04,Trauma Emergency Cupboard,B585556,,2027-01-04,clear,sterile,27,5,54.97,2026-06-22T00:00:00+00:00,Manual Theatre Stocktake
LOT-DRAP-SHOULDER_ARTHROSCOPY_DRAPE_PAC-01,INV-DRAP-SHOULDER_ARTHROSCOPY_DRAPE_PAC,Shoulder Arthroscopy Drape Pack,drape,DRA-941107,05077434873471,pack,LOC-STOCK-04,Trauma Emergency Cupboard,B190025,,2026-06-18,clear,sterile,22,0,72.69,2026-07-04T00:00:00+00:00,ScanTrack Theatre Inventory
LOT-DRAP-SHOULDER_ARTHROSCOPY_DRAPE_PAC-02,INV-DRAP-SHOULDER_ARTHROSCOPY_DRAPE_PAC,Shoulder Arthroscopy Drape Pack,drape,DRA-941107,05077434873471,pack,LOC-STOCK-05,Vendor Loan Kit Holding Bay,B606384,,2026-08-07,clear,sterile,17,2,46.76,2026-06-24T00:00:00+00:00,ERP Materials Management
LOT-DRAP-SHOULDER_ARTHROSCOPY_DRAPE_PAC-03,INV-DRAP-SHOULDER_ARTHROSCOPY_DRAPE_PAC,Shoulder Arthroscopy Drape Pack,drape,DRA-941107,05077434873471,pack,LOC-STOCK-03,Day Surgery Store,B146853,,2027-07-08,clear,sterile,8,5,20.4,2026-06-28T00:00:00+00:00,ERP Materials Management
LOT-DRAP-SHOULDER_SPLIT_SHEET_PACK-01,INV-DRAP-SHOULDER_SPLIT_SHEET_PACK,Shoulder Split Sheet Pack,drape,DRA-439863,05045581223623,pack,LOC-STOCK-05,Vendor Loan Kit Holding Bay,B282927,,2027-07-08,clear,sterile,19,4,23.69,2026-06-21T00:00:00+00:00,ScanTrack Theatre Inventory
LOT-DRAP-SPINE_SURGICAL_DRAPE_PACK-01,INV-DRAP-SPINE_SURGICAL_DRAPE_PACK,Spine Surgical Drape Pack,drape,DRA-419954,05066587603669,pack,LOC-STOCK-02,Orthopaedic Implant Store,B295440,,2026-07-15,clear,sterile,44,5,59.98,2026-06-26T00:00:00+00:00,Manual Theatre Stocktake
LOT-DRAP-SPINE_SURGICAL_DRAPE_PACK-02,INV-DRAP-SPINE_SURGICAL_DRAPE_PACK,Spine Surgical Drape Pack,drape,DRA-419954,05066587603669,pack,LOC-STOCK-04,Trauma Emergency Cupboard,B720970,,2027-07-08,clear,sterile,16,3,40.39,2026-07-02T00:00:00+00:00,Manual Theatre Stocktake
LOT-DRAP-SPINE_SURGICAL_DRAPE_PACK-03,INV-DRAP-SPINE_SURGICAL_DRAPE_PACK,Spine Surgical Drape Pack,drape,DRA-419954,05066587603669,pack,LOC-STOCK-05,Vendor Loan Kit Holding Bay,B206694,,2026-08-07,clear,sterile,8,4,25.65,2026-06-28T00:00:00+00:00,Manual Theatre Stocktake
LOT-DRAP-SPINE_SURGICAL_DRAPE_PACK-04,INV-DRAP-SPINE_SURGICAL_DRAPE_PACK,Spine Surgical Drape Pack,drape,DRA-419954,05066587603669,pack,LOC-STOCK-05,Vendor Loan Kit Holding Bay,B770153,,2026-10-06,clear,sterile,35,2,55.58,2026-06-19T00:00:00+00:00,ScanTrack Theatre Inventory
LOT-DRAP-TOTAL_HIP_DRAPE_PACK-01,INV-DRAP-TOTAL_HIP_DRAPE_PACK,Total Hip Drape Pack,drape,DRA-770198,05096705466889,pack,LOC-STOCK-05,Vendor Loan Kit Holding Bay,B280908,,2026-08-07,clear,sterile,33,5,63.54,2026-06-29T00:00:00+00:00,ERP Materials Management
LOT-DRAP-TOTAL_KNEE_ARTHROPLASTY_DRAPE_-01,INV-DRAP-TOTAL_KNEE_ARTHROPLASTY_DRAPE_,Total Knee Arthroplasty Drape Pack,drape,DRA-918871,05073467065627,pack,LOC-STOCK-02,Orthopaedic Implant Store,B420214,,2027-07-08,clear,sterile,11,0,25.36,2026-07-04T00:00:00+00:00,ERP Materials Management
LOT-DRAP-UNIVERSAL_EXTREMITY_DRAPE_PACK-01,INV-DRAP-UNIVERSAL_EXTREMITY_DRAPE_PACK,Universal Extremity Drape Pack,drape,DRA-492540,05098069901627,pack,LOC-STOCK-04,Trauma Emergency Cupboard,B543588,,2026-10-06,clear,sterile,40,1,47.53,2026-06-21T00:00:00+00:00,ERP Materials Management
LOT-DRAP-UNIVERSAL_EXTREMITY_DRAPE_PACK-02,INV-DRAP-UNIVERSAL_EXTREMITY_DRAPE_PACK,Universal Extremity Drape Pack,drape,DRA-492540,05098069901627,pack,LOC-STOCK-05,Vendor Loan Kit Holding Bay,B274971,,2027-07-08,clear,sterile,15,3,33.08,2026-07-03T00:00:00+00:00,ScanTrack Theatre Inventory
LOT-DRAP-UNIVERSAL_EXTREMITY_DRAPE_PACK-03,INV-DRAP-UNIVERSAL_EXTREMITY_DRAPE_PACK,Universal Extremity Drape Pack,drape,DRA-492540,05098069901627,pack,LOC-STOCK-03,Day Surgery Store,B110048,,2028-06-27,clear,sterile,7,3,21.97,2026-06-26T00:00:00+00:00,ERP Materials Management
LOT-DRAP-UNIVERSAL_EXTREMITY_DRAPE_PACK-04,INV-DRAP-UNIVERSAL_EXTREMITY_DRAPE_PACK,Universal Extremity Drape Pack,drape,DRA-492540,05098069901627,pack,LOC-STOCK-04,Trauma Emergency Cupboard,B535820,,2027-01-04,clear,sterile,30,5,73.31,2026-06-23T00:00:00+00:00,Manual Theatre Stocktake
LOT-DRAP-WATER_REPELLENT-01,INV-DRAP-WATER_REPELLENT,Water Repellent,drape,DRA-629789,05004653755646,pack,LOC-STOCK-03,Day Surgery Store,B134283,,2027-01-04,clear,sterile,18,2,28.41,2026-06-29T00:00:00+00:00,Manual Theatre Stocktake
LOT-CONS-ARTHROSCOPY_FLUID_3L-01,INV-CONS-ARTHROSCOPY_FLUID_3L,Arthroscopy Fluid 3L,consumable,CON-266520,05070805310033,bottle,LOC-STOCK-05,Vendor Loan Kit Holding Bay,B635618,,2027-01-04,clear,sterile,134,0,54.51,2026-06-30T00:00:00+00:00,ERP Materials Management
LOT-CONS-ARTHROSCOPY_FLUID_3L-02,INV-CONS-ARTHROSCOPY_FLUID_3L,Arthroscopy Fluid 3L,consumable,CON-266520,05070805310033,bottle,LOC-STOCK-01,Main Theatre Sterile Store,B896922,,2028-06-27,quarantined,sterile,73,5,42.07,2026-07-02T00:00:00+00:00,ScanTrack Theatre Inventory
LOT-CONS-ARTHROSCOPY_FLUID_3L-03,INV-CONS-ARTHROSCOPY_FLUID_3L,Arthroscopy Fluid 3L,consumable,CON-266520,05070805310033,bottle,LOC-STOCK-03,Day Surgery Store,B133796,,2026-06-18,clear,sterile,71,3,25.15,2026-07-06T00:00:00+00:00,ScanTrack Theatre Inventory
LOT-CONS-ARTHROSCOPY_FLUID_3L-04,INV-CONS-ARTHROSCOPY_FLUID_3L,Arthroscopy Fluid 3L,consumable,CON-266520,05070805310033,bottle,LOC-STOCK-02,Orthopaedic Implant Store,B950083,,2028-06-27,quarantined,sterile,34,5,55.96,2026-06-27T00:00:00+00:00,ERP Materials Management
LOT-CONS-BETADINE_PREP_SOLUTION-01,INV-CONS-BETADINE_PREP_SOLUTION,Betadine Prep Solution,consumable,CON-757766,05092327193745,each,LOC-STOCK-02,Orthopaedic Implant Store,B944565,,2026-07-15,clear,sterile,60,0,54.26,2026-06-21T00:00:00+00:00,ScanTrack Theatre Inventory
LOT-CONS-BETADINE_PREP_SOLUTION-02,INV-CONS-BETADINE_PREP_SOLUTION,Betadine Prep Solution,consumable,CON-757766,05092327193745,each,LOC-STOCK-03,Day Surgery Store,B403387,,2027-01-04,clear,sterile,90,4,25.58,2026-06-22T00:00:00+00:00,ERP Materials Management
LOT-CONS-BETADINE_PREP_SOLUTION-03,INV-CONS-BETADINE_PREP_SOLUTION,Betadine Prep Solution,consumable,CON-757766,05092327193745,each,LOC-STOCK-01,Main Theatre Sterile Store,B390794,,2028-06-27,clear,sterile,113,5,12.27,2026-07-04T00:00:00+00:00,Manual Theatre Stocktake
LOT-CONS-BETADINE_PREP_SOLUTION-04,INV-CONS-BETADINE_PREP_SOLUTION,Betadine Prep Solution,consumable,CON-757766,05092327193745,each,LOC-STOCK-04,Trauma Emergency Cupboard,B613234,,2026-07-15,clear,sterile,71,1,54.96,2026-06-30T00:00:00+00:00,ERP Materials Management
LOT-CONS-BLADDER_SYRINGE-01,INV-CONS-BLADDER_SYRINGE,Bladder Syringe,consumable,CON-450442,05024190496631,pack,LOC-STOCK-04,Trauma Emergency Cupboard,B640659,,2026-10-06,clear,sterile,31,5,26.61,2026-06-27T00:00:00+00:00,ScanTrack Theatre Inventory
LOT-CONS-BLADDER_SYRINGE-02,INV-CONS-BLADDER_SYRINGE,Bladder Syringe,consumable,CON-450442,05024190496631,pack,LOC-STOCK-01,Main Theatre Sterile Store,B866437,,2026-10-06,clear,sterile,8,3,60.4,2026-06-27T00:00:00+00:00,Manual Theatre Stocktake
LOT-CONS-BLADDER_SYRINGE-03,INV-CONS-BLADDER_SYRINGE,Bladder Syringe,consumable,CON-450442,05024190496631,pack,LOC-STOCK-04,Trauma Emergency Cupboard,B964915,,2028-06-27,clear,sterile,63,1,47.12,2026-06-28T00:00:00+00:00,ScanTrack Theatre Inventory
LOT-CONS-BLADDER_SYRINGE-04,INV-CONS-BLADDER_SYRINGE,Bladder Syringe,consumable,CON-450442,05024190496631,pack,LOC-STOCK-05,Vendor Loan Kit Holding Bay,B993829,,2026-08-07,clear,sterile,41,3,74.94,2026-06-17T00:00:00+00:00,Manual Theatre Stocktake
LOT-CONS-BONE_CEMENT_MIXING_BOWL_KIT-01,INV-CONS-BONE_CEMENT_MIXING_BOWL_KIT,Bone Cement Mixing Bowl Kit,consumable,CON-546755,05014919058651,pack,LOC-STOCK-01,Main Theatre Sterile Store,B230272,,2026-06-18,clear,sterile,125,1,42.06,2026-07-08T00:00:00+00:00,ScanTrack Theatre Inventory
LOT-CONS-BONE_WAX-01,INV-CONS-BONE_WAX,Bone Wax,consumable,CON-782658,05067165726284,pack,LOC-STOCK-02,Orthopaedic Implant Store,B387330,,2027-07-08,clear,sterile,85,0,62.27,2026-06-30T00:00:00+00:00,Manual Theatre Stocktake
LOT-CONS-BONE_WAX-02,INV-CONS-BONE_WAX,Bone Wax,consumable,CON-782658,05067165726284,pack,LOC-STOCK-01,Main Theatre Sterile Store,B515594,,2026-08-07,clear,sterile,50,5,29.2,2026-07-01T00:00:00+00:00,ScanTrack Theatre Inventory
LOT-CONS-CHLORHEXIDINE_2_APPLICATOR-01,INV-CONS-CHLORHEXIDINE_2_APPLICATOR,Chlorhexidine 2% Applicator,consumable,CON-165563,05069453147379,pack,LOC-STOCK-04,Trauma Emergency Cupboard,B181724,,2027-07-08,clear,sterile,62,1,56.5,2026-06-22T00:00:00+00:00,ERP Materials Management
LOT-CONS-DIATHERMY_PENCIL-01,INV-CONS-DIATHERMY_PENCIL,Diathermy Pencil,consumable,CON-939628,05007527354549,pack,LOC-STOCK-01,Main Theatre Sterile Store,B542828,,2026-06-18,clear,sterile,95,5,12.77,2026-07-06T00:00:00+00:00,Manual Theatre Stocktake
LOT-CONS-DIATHERMY_PENCIL-02,INV-CONS-DIATHERMY_PENCIL,Diathermy Pencil,consumable,CON-939628,05007527354549,pack,LOC-STOCK-01,Main Theatre Sterile Store,B428572,,2026-10-06,clear,sterile,34,2,83.72,2026-07-04T00:00:00+00:00,ScanTrack Theatre Inventory
LOT-CONS-DIATHERMY_PENCIL-03,INV-CONS-DIATHERMY_PENCIL,Diathermy Pencil,consumable,CON-939628,05007527354549,pack,LOC-STOCK-02,Orthopaedic Implant Store,B171734,,2028-06-27,clear,sterile,42,4,53.62,2026-06-19T00:00:00+00:00,ERP Materials Management
LOT-CONS-DIATHERMY_PENCIL-04,INV-CONS-DIATHERMY_PENCIL,Diathermy Pencil,consumable,CON-939628,05007527354549,pack,LOC-STOCK-02,Orthopaedic Implant Store,B531709,,2026-07-15,clear,sterile,62,4,65.3,2026-07-02T00:00:00+00:00,Manual Theatre Stocktake
LOT-CONS-DIATHERMY_TIP-01,INV-CONS-DIATHERMY_TIP,Diathermy Tip,consumable,CON-473109,05083136783777,each,LOC-STOCK-04,Trauma Emergency Cupboard,B468611,,2026-07-15,clear,sterile,158,3,30.05,2026-07-04T00:00:00+00:00,Manual Theatre Stocktake
LOT-CONS-ESCHMARK_BANDAGE-01,INV-CONS-ESCHMARK_BANDAGE,Eschmark Bandage,consumable,CON-586060,05043634957885,box,LOC-STOCK-05,Vendor Loan Kit Holding Bay,B729153,,2027-07-08,clear,sterile,149,5,57.82,2026-07-08T00:00:00+00:00,ERP Materials Management
LOT-CONS-ESCHMARK_BANDAGE-02,INV-CONS-ESCHMARK_BANDAGE,Eschmark Bandage,consumable,CON-586060,05043634957885,box,LOC-STOCK-02,Orthopaedic Implant Store,B884170,,2026-08-07,clear,sterile,138,3,28.25,2026-07-07T00:00:00+00:00,Manual Theatre Stocktake
LOT-CONS-ESCHMARK_BANDAGE-03,INV-CONS-ESCHMARK_BANDAGE,Eschmark Bandage,consumable,CON-586060,05043634957885,box,LOC-STOCK-04,Trauma Emergency Cupboard,B769077,,2026-10-06,clear,sterile,69,4,6.98,2026-07-08T00:00:00+00:00,ScanTrack Theatre Inventory
LOT-CONS-GAUZE_SWABS_10X10-01,INV-CONS-GAUZE_SWABS_10X10,Gauze Swabs 10x10,consumable,CON-932716,05074443135182,each,LOC-STOCK-04,Trauma Emergency Cupboard,B483162,,2026-07-15,clear,sterile,153,4,64.96,2026-06-23T00:00:00+00:00,Manual Theatre Stocktake
LOT-CONS-GAUZE_SWABS_10X10-02,INV-CONS-GAUZE_SWABS_10X10,Gauze Swabs 10x10,consumable,CON-932716,05074443135182,each,LOC-STOCK-03,Day Surgery Store,B326222,,2026-06-18,clear,sterile,11,0,87.66,2026-06-26T00:00:00+00:00,ERP Materials Management
LOT-CONS-GAUZE_SWABS_10X10-03,INV-CONS-GAUZE_SWABS_10X10,Gauze Swabs 10x10,consumable,CON-932716,05074443135182,each,LOC-STOCK-04,Trauma Emergency Cupboard,B544150,,2026-08-07,clear,sterile,136,5,38.37,2026-06-18T00:00:00+00:00,ERP Materials Management
LOT-CONS-GAUZE_SWABS_5X5-01,INV-CONS-GAUZE_SWABS_5X5,Gauze Swabs 5x5,consumable,CON-559710,05074989413435,each,LOC-STOCK-05,Vendor Loan Kit Holding Bay,B313068,,2026-08-07,clear,sterile,28,1,51.07,2026-06-26T00:00:00+00:00,ERP Materials Management
LOT-CONS-GAUZE_SWABS_5X5-02,INV-CONS-GAUZE_SWABS_5X5,Gauze Swabs 5x5,consumable,CON-559710,05074989413435,each,LOC-STOCK-03,Day Surgery Store,B832614,,2027-07-08,clear,sterile,24,3,69.41,2026-07-01T00:00:00+00:00,Manual Theatre Stocktake
LOT-CONS-IRRIGATION_FLUID_0_9_SALINE_1L-01,INV-CONS-IRRIGATION_FLUID_0_9_SALINE_1L,Irrigation Fluid 0.9% Saline 1L,consumable,CON-877364,05082400842710,bottle,LOC-STOCK-04,Trauma Emergency Cupboard,B742039,,2026-06-18,clear,sterile,37,4,5.46,2026-06-17T00:00:00+00:00,ERP Materials Management
LOT-CONS-IRRIGATION_FLUID_0_9_SALINE_1L-02,INV-CONS-IRRIGATION_FLUID_0_9_SALINE_1L,Irrigation Fluid 0.9% Saline 1L,consumable,CON-877364,05082400842710,bottle,LOC-STOCK-01,Main Theatre Sterile Store,B842287,,2027-07-08,clear,sterile,38,1,66.72,2026-07-03T00:00:00+00:00,ScanTrack Theatre Inventory
LOT-CONS-IRRIGATION_FLUID_0_9_SALINE_3L-01,INV-CONS-IRRIGATION_FLUID_0_9_SALINE_3L,Irrigation Fluid 0.9% Saline 3L,consumable,CON-319329,05077520471167,bottle,LOC-STOCK-02,Orthopaedic Implant Store,B489933,,2027-01-04,clear,sterile,74,1,71.29,2026-06-30T00:00:00+00:00,ERP Materials Management
LOT-CONS-IRRIGATION_FLUID_0_9_SALINE_3L-02,INV-CONS-IRRIGATION_FLUID_0_9_SALINE_3L,Irrigation Fluid 0.9% Saline 3L,consumable,CON-319329,05077520471167,bottle,LOC-STOCK-03,Day Surgery Store,B946313,,2026-06-18,clear,sterile,15,3,26.02,2026-07-06T00:00:00+00:00,ScanTrack Theatre Inventory
LOT-CONS-IRRIGATION_FLUID_0_9_SALINE_3L-03,INV-CONS-IRRIGATION_FLUID_0_9_SALINE_3L,Irrigation Fluid 0.9% Saline 3L,consumable,CON-319329,05077520471167,bottle,LOC-STOCK-04,Trauma Emergency Cupboard,B577309,,2027-07-08,supplier_notice,sterile,27,4,34.37,2026-06-23T00:00:00+00:00,ERP Materials Management
LOT-CONS-LIGHT_HANDLE_COVERS-01,INV-CONS-LIGHT_HANDLE_COVERS,Light Handle Covers,consumable,CON-468833,05090229413186,pack,LOC-STOCK-05,Vendor Loan Kit Holding Bay,B806866,,2026-08-07,clear,sterile,34,5,11.18,2026-06-22T00:00:00+00:00,Manual Theatre Stocktake
LOT-CONS-LIGHT_HANDLE_COVERS-02,INV-CONS-LIGHT_HANDLE_COVERS,Light Handle Covers,consumable,CON-468833,05090229413186,pack,LOC-STOCK-02,Orthopaedic Implant Store,B148215,,2026-06-18,clear,sterile,11,3,34.74,2026-07-04T00:00:00+00:00,Manual Theatre Stocktake
LOT-CONS-LOCAL_ANAESTHETIC_SYRINGE-01,INV-CONS-LOCAL_ANAESTHETIC_SYRINGE,Local Anaesthetic Syringe,consumable,CON-528142,05086774964990,pack,LOC-STOCK-02,Orthopaedic Implant Store,B437433,,2027-01-04,clear,sterile,115,1,39.69,2026-06-28T00:00:00+00:00,ScanTrack Theatre Inventory
LOT-CONS-PULSE_LAVAGE_TIP-01,INV-CONS-PULSE_LAVAGE_TIP,Pulse Lavage Tip,consumable,CON-461988,05033412328120,box,LOC-STOCK-01,Main Theatre Sterile Store,B288056,,2027-01-04,clear,sterile,136,1,76.46,2026-07-07T00:00:00+00:00,ScanTrack Theatre Inventory
LOT-CONS-PUMP_TUBING-01,INV-CONS-PUMP_TUBING,Pump Tubing,consumable,CON-223035,05040344713493,box,LOC-STOCK-03,Day Surgery Store,B190581,,2026-10-06,clear,sterile,87,4,43.53,2026-06-27T00:00:00+00:00,Manual Theatre Stocktake
LOT-CONS-SAW_BLADE_CONMED_X_1_REF_5071_-01,INV-CONS-SAW_BLADE_CONMED_X_1_REF_5071_,Saw Blade (Conmed) x 1 Ref#5071-201,consumable,CON-709173,05083242102499,box,LOC-STOCK-04,Trauma Emergency Cupboard,B486162,,2027-01-04,clear,sterile,70,4,92.33,2026-07-02T00:00:00+00:00,ERP Materials Management
LOT-CONS-SAW_BLADE_CONMED_X_1_REF_5071_-02,INV-CONS-SAW_BLADE_CONMED_X_1_REF_5071_,Saw Blade (Conmed) x 1 Ref#5071-201,consumable,CON-709173,05083242102499,box,LOC-STOCK-02,Orthopaedic Implant Store,B106687,,2027-01-04,clear,sterile,70,3,2.52,2026-06-21T00:00:00+00:00,ScanTrack Theatre Inventory
LOT-CONS-SAW_BLADE_CONMED_X_1_REF_5071_-03,INV-CONS-SAW_BLADE_CONMED_X_1_REF_5071_,Saw Blade (Conmed) x 1 Ref#5071-201,consumable,CON-709173,05083242102499,box,LOC-STOCK-03,Day Surgery Store,B101533,,2027-07-08,clear,sterile,10,5,35.9,2026-06-29T00:00:00+00:00,Manual Theatre Stocktake
LOT-CONS-SCALPEL_BLADE_10-01,INV-CONS-SCALPEL_BLADE_10,Scalpel Blade #10,consumable,CON-304525,05074648877190,box,LOC-STOCK-04,Trauma Emergency Cupboard,B162804,,2027-01-04,quarantined,sterile,57,1,67.68,2026-07-06T00:00:00+00:00,Manual Theatre Stocktake
LOT-CONS-SCALPEL_BLADE_10-02,INV-CONS-SCALPEL_BLADE_10,Scalpel Blade #10,consumable,CON-304525,05074648877190,box,LOC-STOCK-04,Trauma Emergency Cupboard,B834891,,2026-07-15,clear,sterile,141,2,43.69,2026-07-06T00:00:00+00:00,ERP Materials Management
LOT-CONS-SCALPEL_BLADE_15-01,INV-CONS-SCALPEL_BLADE_15,Scalpel Blade #15,consumable,CON-444987,05001399049027,pack,LOC-STOCK-01,Main Theatre Sterile Store,B720647,,2027-01-04,clear,sterile,108,4,6.15,2026-06-17T00:00:00+00:00,Manual Theatre Stocktake
LOT-CONS-SHARPS_PAD-01,INV-CONS-SHARPS_PAD,Sharps Pad,consumable,CON-294289,05029671756551,each,LOC-STOCK-04,Trauma Emergency Cupboard,B834764,,2026-08-07,clear,sterile,88,5,31.16,2026-06-24T00:00:00+00:00,ScanTrack Theatre Inventory
LOT-CONS-SHARPS_PAD-02,INV-CONS-SHARPS_PAD,Sharps Pad,consumable,CON-294289,05029671756551,each,LOC-STOCK-02,Orthopaedic Implant Store,B917823,,2026-07-15,clear,sterile,59,4,10.58,2026-07-05T00:00:00+00:00,Manual Theatre Stocktake
LOT-CONS-SKIN_MARKER_PEN-01,INV-CONS-SKIN_MARKER_PEN,Skin Marker Pen,consumable,CON-489282,05074680715451,box,LOC-STOCK-05,Vendor Loan Kit Holding Bay,B475691,,2026-10-06,clear,sterile,38,1,43.07,2026-06-24T00:00:00+00:00,ScanTrack Theatre Inventory
LOT-CONS-SKIN_MARKER_PEN-02,INV-CONS-SKIN_MARKER_PEN,Skin Marker Pen,consumable,CON-489282,05074680715451,box,LOC-STOCK-03,Day Surgery Store,B966529,,2028-06-27,clear,sterile,48,5,66.28,2026-07-07T00:00:00+00:00,Manual Theatre Stocktake
LOT-CONS-SKIN_MARKER_PEN-03,INV-CONS-SKIN_MARKER_PEN,Skin Marker Pen,consumable,CON-489282,05074680715451,box,LOC-STOCK-01,Main Theatre Sterile Store,B845702,,2028-06-27,clear,sterile,45,1,92.01,2026-06-26T00:00:00+00:00,ERP Materials Management
LOT-CONS-SKIN_MARKER_PEN-04,INV-CONS-SKIN_MARKER_PEN,Skin Marker Pen,consumable,CON-489282,05074680715451,box,LOC-STOCK-02,Orthopaedic Implant Store,B132591,,2026-06-18,clear,sterile,74,3,81.22,2026-06-21T00:00:00+00:00,ERP Materials Management
LOT-CONS-STERILE_GLOVES-01,INV-CONS-STERILE_GLOVES,Sterile Gloves,consumable,CON-770641,05087603859770,pair,LOC-STOCK-01,Main Theatre Sterile Store,B112537,,2026-06-18,clear,sterile,43,0,78.93,2026-07-01T00:00:00+00:00,Manual Theatre Stocktake
LOT-CONS-STERILE_GLOVES-02,INV-CONS-STERILE_GLOVES,Sterile Gloves,consumable,CON-770641,05087603859770,pair,LOC-STOCK-01,Main Theatre Sterile Store,B710610,,2026-07-15,clear,sterile,103,4,24.77,2026-07-06T00:00:00+00:00,Manual Theatre Stocktake
LOT-CONS-STERILE_GLOVES_PAIR-01,INV-CONS-STERILE_GLOVES_PAIR,Sterile Gloves (Pair),consumable,CON-272669,05048247710932,pair,LOC-STOCK-02,Orthopaedic Implant Store,B196446,,2026-07-15,clear,sterile,121,2,11.86,2026-06-24T00:00:00+00:00,Manual Theatre Stocktake
LOT-CONS-STERILE_GOWN-01,INV-CONS-STERILE_GOWN,Sterile Gown,consumable,CON-565597,05086131712748,pack,LOC-STOCK-04,Trauma Emergency Cupboard,B130914,,2027-01-04,clear,sterile,109,3,64.98,2026-07-03T00:00:00+00:00,ScanTrack Theatre Inventory
LOT-CONS-STERILE_GOWN-02,INV-CONS-STERILE_GOWN,Sterile Gown,consumable,CON-565597,05086131712748,pack,LOC-STOCK-03,Day Surgery Store,B567676,,2026-07-15,clear,sterile,78,1,3.53,2026-06-19T00:00:00+00:00,ERP Materials Management
LOT-CONS-SUCTION_TUBING-01,INV-CONS-SUCTION_TUBING,Suction Tubing,consumable,CON-237071,05077378263982,each,LOC-STOCK-05,Vendor Loan Kit Holding Bay,B602300,,2027-07-08,clear,sterile,113,0,8.56,2026-06-26T00:00:00+00:00,Manual Theatre Stocktake
LOT-CONS-SUCTION_TUBING-02,INV-CONS-SUCTION_TUBING,Suction Tubing,consumable,CON-237071,05077378263982,each,LOC-STOCK-02,Orthopaedic Implant Store,B761393,,2026-10-06,clear,sterile,142,4,75.56,2026-06-26T00:00:00+00:00,ERP Materials Management
LOT-CONS-SUCTION_YANKAUER_TIP-01,INV-CONS-SUCTION_YANKAUER_TIP,Suction Yankauer Tip,consumable,CON-857627,05058404499727,pack,LOC-STOCK-03,Day Surgery Store,B693128,,2026-10-06,clear,sterile,132,4,30.72,2026-06-30T00:00:00+00:00,Manual Theatre Stocktake
LOT-CONS-SUCTION_YANKAUER_TIP-02,INV-CONS-SUCTION_YANKAUER_TIP,Suction Yankauer Tip,consumable,CON-857627,05058404499727,pack,LOC-STOCK-01,Main Theatre Sterile Store,B950069,,2026-06-18,clear,sterile,64,2,5.8,2026-06-23T00:00:00+00:00,ERP Materials Management
LOT-CONS-SUCTION_YANKAUER_TIP-03,INV-CONS-SUCTION_YANKAUER_TIP,Suction Yankauer Tip,consumable,CON-857627,05058404499727,pack,LOC-STOCK-02,Orthopaedic Implant Store,B204998,,2026-08-07,clear,sterile,67,1,62.49,2026-06-30T00:00:00+00:00,ERP Materials Management
LOT-CONS-SURGICAL_PATTIES-01,INV-CONS-SURGICAL_PATTIES,Surgical Patties,consumable,CON-918808,05058867533963,box,LOC-STOCK-05,Vendor Loan Kit Holding Bay,B987624,,2028-06-27,quarantined,sterile,32,3,33.87,2026-07-03T00:00:00+00:00,Manual Theatre Stocktake
LOT-CONS-SUTURE_REMOVAL_KIT-01,INV-CONS-SUTURE_REMOVAL_KIT,Suture Removal Kit,consumable,CON-543217,05057662702895,each,LOC-STOCK-05,Vendor Loan Kit Holding Bay,B129576,,2027-01-04,clear,sterile,99,5,66.63,2026-06-20T00:00:00+00:00,ERP Materials Management
LOT-CONS-SUTURE_REMOVAL_KIT-02,INV-CONS-SUTURE_REMOVAL_KIT,Suture Removal Kit,consumable,CON-543217,05057662702895,each,LOC-STOCK-04,Trauma Emergency Cupboard,B668458,,2026-07-15,clear,sterile,56,2,16.88,2026-07-07T00:00:00+00:00,Manual Theatre Stocktake
LOT-CONS-SYRINGE_10ML-01,INV-CONS-SYRINGE_10ML,Syringe 10ml,consumable,CON-649955,05087026217459,pack,LOC-STOCK-05,Vendor Loan Kit Holding Bay,B601207,,2026-07-15,clear,sterile,13,0,31.68,2026-06-19T00:00:00+00:00,Manual Theatre Stocktake
LOT-CONS-SYRINGE_20ML-01,INV-CONS-SYRINGE_20ML,Syringe 20ml,consumable,CON-676309,05058657809134,each,LOC-STOCK-01,Main Theatre Sterile Store,B122977,,2026-08-07,clear,sterile,90,1,55.83,2026-07-04T00:00:00+00:00,Manual Theatre Stocktake
LOT-CONS-SYRINGE_20ML-02,INV-CONS-SYRINGE_20ML,Syringe 20ml,consumable,CON-676309,05058657809134,each,LOC-STOCK-01,Main Theatre Sterile Store,B491738,,2028-06-27,clear,sterile,101,5,89.5,2026-06-26T00:00:00+00:00,ERP Materials Management
LOT-CONS-SYRINGE_50ML-01,INV-CONS-SYRINGE_50ML,Syringe 50ml,consumable,CON-260264,05061172400504,box,LOC-STOCK-02,Orthopaedic Implant Store,B867926,,2026-08-07,clear,sterile,42,3,75.28,2026-06-23T00:00:00+00:00,ERP Materials Management
LOT-CONS-ULTRASOUND_GEL-01,INV-CONS-ULTRASOUND_GEL,Ultrasound Gel,consumable,CON-777492,05023869222196,pack,LOC-STOCK-05,Vendor Loan Kit Holding Bay,B925220,,2026-07-15,clear,sterile,151,2,21.4,2026-06-20T00:00:00+00:00,Manual Theatre Stocktake
LOT-CONS-ULTRASOUND_GEL-02,INV-CONS-ULTRASOUND_GEL,Ultrasound Gel,consumable,CON-777492,05023869222196,pack,LOC-STOCK-02,Orthopaedic Implant Store,B286340,,2026-10-06,clear,sterile,83,5,0.42,2026-06-20T00:00:00+00:00,ScanTrack Theatre Inventory
LOT-CONS-ULTRASOUND_GEL-03,INV-CONS-ULTRASOUND_GEL,Ultrasound Gel,consumable,CON-777492,05023869222196,pack,LOC-STOCK-01,Main Theatre Sterile Store,B290926,,2028-06-27,quarantined,sterile,76,4,30.4,2026-06-19T00:00:00+00:00,Manual Theatre Stocktake
LOT-DISP-ARTHROSCOPY_SHAVER_BLADE_4_0MM-01,INV-DISP-ARTHROSCOPY_SHAVER_BLADE_4_0MM,Arthroscopy Shaver Blade 4.0mm,disposable,DIS-482848,05079237474074,pack,LOC-STOCK-02,Orthopaedic Implant Store,B463656,,2026-10-06,clear,sterile,27,2,53.67,2026-07-06T00:00:00+00:00,ERP Materials Management
LOT-DISP-ARTHROSCOPY_SHAVER_BLADE_5_5MM-01,INV-DISP-ARTHROSCOPY_SHAVER_BLADE_5_5MM,Arthroscopy Shaver Blade 5.5mm,disposable,DIS-769275,05017594647436,box,LOC-STOCK-02,Orthopaedic Implant Store,B826847,,2026-10-06,clear,sterile,61,0,103.33,2026-07-05T00:00:00+00:00,ERP Materials Management
LOT-DISP-ARTHROSCOPY_SHAVER_BLADE_5_5MM-02,INV-DISP-ARTHROSCOPY_SHAVER_BLADE_5_5MM,Arthroscopy Shaver Blade 5.5mm,disposable,DIS-769275,05017594647436,box,LOC-STOCK-04,Trauma Emergency Cupboard,B274418,,2026-06-18,clear,sterile,120,3,142.12,2026-06-26T00:00:00+00:00,ScanTrack Theatre Inventory
LOT-DISP-ARTHROSCOPY_SHAVER_BLADE_5_5MM-03,INV-DISP-ARTHROSCOPY_SHAVER_BLADE_5_5MM,Arthroscopy Shaver Blade 5.5mm,disposable,DIS-769275,05017594647436,box,LOC-STOCK-05,Vendor Loan Kit Holding Bay,B782591,,2027-01-04,clear,sterile,130,5,69.36,2026-06-24T00:00:00+00:00,Manual Theatre Stocktake
LOT-DISP-CEMENT_DELIVERY_GUN_NOZZLE-01,INV-DISP-CEMENT_DELIVERY_GUN_NOZZLE,Cement Delivery Gun Nozzle,disposable,DIS-643995,05036959440640,pack,LOC-STOCK-01,Main Theatre Sterile Store,B177804,,2026-08-07,clear,sterile,74,2,54.27,2026-06-26T00:00:00+00:00,Manual Theatre Stocktake
LOT-DISP-CEMENT_MIXING_CARTRIDGE-01,INV-DISP-CEMENT_MIXING_CARTRIDGE,Cement Mixing Cartridge,disposable,DIS-335163,05097439533942,pack,LOC-STOCK-03,Day Surgery Store,B722886,,2027-01-04,supplier_notice,sterile,31,4,250.96,2026-07-08T00:00:00+00:00,ScanTrack Theatre Inventory
LOT-DISP-DISPOSABLE_BURR_3_5MM-01,INV-DISP-DISPOSABLE_BURR_3_5MM,Disposable Burr 3.5mm,disposable,DIS-886087,05004709521456,each,LOC-STOCK-01,Main Theatre Sterile Store,B206176,,2027-01-04,clear,sterile,48,2,63.91,2026-07-02T00:00:00+00:00,ScanTrack Theatre Inventory
LOT-DISP-DISPOSABLE_BURR_3_5MM-02,INV-DISP-DISPOSABLE_BURR_3_5MM,Disposable Burr 3.5mm,disposable,DIS-886087,05004709521456,each,LOC-STOCK-03,Day Surgery Store,B792687,,2027-07-08,clear,sterile,146,2,88.89,2026-07-05T00:00:00+00:00,Manual Theatre Stocktake
LOT-DISP-DISPOSABLE_BURR_4_0MM-01,INV-DISP-DISPOSABLE_BURR_4_0MM,Disposable Burr 4.0mm,disposable,DIS-159881,05028588424745,each,LOC-STOCK-02,Orthopaedic Implant Store,B157152,,2027-01-04,clear,sterile,133,2,9.04,2026-07-06T00:00:00+00:00,ScanTrack Theatre Inventory
LOT-DISP-DISPOSABLE_BURR_4_0MM-02,INV-DISP-DISPOSABLE_BURR_4_0MM,Disposable Burr 4.0mm,disposable,DIS-159881,05028588424745,each,LOC-STOCK-02,Orthopaedic Implant Store,B201698,,2028-06-27,clear,sterile,130,0,64.29,2026-06-18T00:00:00+00:00,ScanTrack Theatre Inventory
LOT-DISP-DISPOSABLE_BURR_4_0MM-03,INV-DISP-DISPOSABLE_BURR_4_0MM,Disposable Burr 4.0mm,disposable,DIS-159881,05028588424745,each,LOC-STOCK-03,Day Surgery Store,B923002,,2026-06-18,clear,sterile,37,3,136.1,2026-06-17T00:00:00+00:00,ScanTrack Theatre Inventory
LOT-DISP-DISPOSABLE_BURR_4_0MM-04,INV-DISP-DISPOSABLE_BURR_4_0MM,Disposable Burr 4.0mm,disposable,DIS-159881,05028588424745,each,LOC-STOCK-02,Orthopaedic Implant Store,B489043,,2026-06-18,clear,sterile,107,3,108.48,2026-06-24T00:00:00+00:00,Manual Theatre Stocktake
LOT-DISP-DISPOSABLE_CANNULA_SET-01,INV-DISP-DISPOSABLE_CANNULA_SET,Disposable Cannula Set,disposable,DIS-699199,05012368516048,each,LOC-STOCK-03,Day Surgery Store,B691655,,2026-10-06,clear,sterile,65,0,49.11,2026-06-17T00:00:00+00:00,Manual Theatre Stocktake
LOT-DISP-DISPOSABLE_CANNULA_SET-02,INV-DISP-DISPOSABLE_CANNULA_SET,Disposable Cannula Set,disposable,DIS-699199,05012368516048,each,LOC-STOCK-04,Trauma Emergency Cupboard,B893202,,2026-06-18,clear,sterile,146,4,69.88,2026-07-07T00:00:00+00:00,ScanTrack Theatre Inventory
LOT-DISP-DISPOSABLE_CANNULA_SET-03,INV-DISP-DISPOSABLE_CANNULA_SET,Disposable Cannula Set,disposable,DIS-699199,05012368516048,each,LOC-STOCK-04,Trauma Emergency Cupboard,B700534,,2028-06-27,clear,sterile,145,1,137.54,2026-07-06T00:00:00+00:00,ScanTrack Theatre Inventory
LOT-DISP-DISPOSABLE_DRILL_BIT_2_0MM-01,INV-DISP-DISPOSABLE_DRILL_BIT_2_0MM,Disposable Drill Bit 2.0mm,disposable,DIS-587999,05054965137098,box,LOC-STOCK-05,Vendor Loan Kit Holding Bay,B810446,,2027-01-04,clear,sterile,140,4,48.11,2026-06-24T00:00:00+00:00,Manual Theatre Stocktake
LOT-DISP-DISPOSABLE_DRILL_BIT_2_5MM-01,INV-DISP-DISPOSABLE_DRILL_BIT_2_5MM,Disposable Drill Bit 2.5mm,disposable,DIS-235744,05017461200471,each,LOC-STOCK-01,Main Theatre Sterile Store,B543940,,2026-07-15,clear,sterile,40,0,276.81,2026-06-25T00:00:00+00:00,Manual Theatre Stocktake
LOT-DISP-DISPOSABLE_DRILL_BIT_2_5MM-02,INV-DISP-DISPOSABLE_DRILL_BIT_2_5MM,Disposable Drill Bit 2.5mm,disposable,DIS-235744,05017461200471,each,LOC-STOCK-03,Day Surgery Store,B435281,,2028-06-27,clear,sterile,160,5,256.66,2026-07-06T00:00:00+00:00,Manual Theatre Stocktake
LOT-DISP-DISPOSABLE_DRILL_BIT_3_2MM-01,INV-DISP-DISPOSABLE_DRILL_BIT_3_2MM,Disposable Drill Bit 3.2mm,disposable,DIS-170918,05082675869261,box,LOC-STOCK-03,Day Surgery Store,B644932,,2027-01-04,clear,sterile,91,3,257.47,2026-07-08T00:00:00+00:00,ERP Materials Management
LOT-DISP-DISPOSABLE_DRILL_BIT_3_2MM-02,INV-DISP-DISPOSABLE_DRILL_BIT_3_2MM,Disposable Drill Bit 3.2mm,disposable,DIS-170918,05082675869261,box,LOC-STOCK-01,Main Theatre Sterile Store,B534574,,2027-01-04,clear,sterile,115,1,48.31,2026-06-20T00:00:00+00:00,ERP Materials Management
LOT-DISP-DISPOSABLE_DRILL_BIT_3_2MM-03,INV-DISP-DISPOSABLE_DRILL_BIT_3_2MM,Disposable Drill Bit 3.2mm,disposable,DIS-170918,05082675869261,box,LOC-STOCK-01,Main Theatre Sterile Store,B690016,,2028-06-27,supplier_notice,sterile,33,0,221.72,2026-06-21T00:00:00+00:00,ScanTrack Theatre Inventory
LOT-DISP-DISPOSABLE_DRILL_BIT_3_2MM-04,INV-DISP-DISPOSABLE_DRILL_BIT_3_2MM,Disposable Drill Bit 3.2mm,disposable,DIS-170918,05082675869261,box,LOC-STOCK-05,Vendor Loan Kit Holding Bay,B738543,,2026-10-06,clear,sterile,132,3,18.19,2026-06-30T00:00:00+00:00,ScanTrack Theatre Inventory
LOT-DISP-DISPOSABLE_DRILL_BIT_4_5MM-01,INV-DISP-DISPOSABLE_DRILL_BIT_4_5MM,Disposable Drill Bit 4.5mm,disposable,DIS-863026,05040537735158,pack,LOC-STOCK-01,Main Theatre Sterile Store,B515018,,2027-01-04,clear,sterile,110,2,195.82,2026-07-07T00:00:00+00:00,ERP Materials Management
LOT-DISP-DISPOSABLE_DRILL_BIT_4_5MM-02,INV-DISP-DISPOSABLE_DRILL_BIT_4_5MM,Disposable Drill Bit 4.5mm,disposable,DIS-863026,05040537735158,pack,LOC-STOCK-01,Main Theatre Sterile Store,B454278,,2026-10-06,clear,sterile,103,2,92.58,2026-06-23T00:00:00+00:00,ERP Materials Management
LOT-DISP-DISPOSABLE_FEMORAL_CANAL_BRUSH-01,INV-DISP-DISPOSABLE_FEMORAL_CANAL_BRUSH,Disposable Femoral Canal Brush,disposable,DIS-297425,05006431713900,box,LOC-STOCK-04,Trauma Emergency Cupboard,B911630,,2028-06-27,clear,sterile,84,2,81.28,2026-06-25T00:00:00+00:00,ERP Materials Management
LOT-DISP-DISPOSABLE_REAMER_LARGE-01,INV-DISP-DISPOSABLE_REAMER_LARGE,Disposable Reamer - Large,disposable,DIS-741711,05029318393352,pack,LOC-STOCK-04,Trauma Emergency Cupboard,B896386,,2026-07-15,clear,sterile,112,4,243.88,2026-07-07T00:00:00+00:00,ERP Materials Management
LOT-DISP-DISPOSABLE_REAMER_LARGE-01,INV-DISP-DISPOSABLE_REAMER_LARGE,Disposable Reamer – Large,disposable,DIS-978257,05042284210205,each,LOC-STOCK-04,Trauma Emergency Cupboard,B242239,,2026-06-18,clear,sterile,137,4,247.18,2026-07-08T00:00:00+00:00,Manual Theatre Stocktake
LOT-DISP-DISPOSABLE_REAMER_LARGE-02,INV-DISP-DISPOSABLE_REAMER_LARGE,Disposable Reamer – Large,disposable,DIS-978257,05042284210205,each,LOC-STOCK-01,Main Theatre Sterile Store,B361609,,2026-07-15,clear,sterile,59,0,132.15,2026-06-27T00:00:00+00:00,ERP Materials Management
LOT-DISP-DISPOSABLE_REAMER_SMALL-01,INV-DISP-DISPOSABLE_REAMER_SMALL,Disposable Reamer – Small,disposable,DIS-846967,05002402681177,box,LOC-STOCK-05,Vendor Loan Kit Holding Bay,B516224,,2026-08-07,clear,sterile,126,5,259.08,2026-06-17T00:00:00+00:00,Manual Theatre Stocktake
LOT-DISP-DISPOSABLE_REAMER_SMALL-02,INV-DISP-DISPOSABLE_REAMER_SMALL,Disposable Reamer – Small,disposable,DIS-846967,05002402681177,box,LOC-STOCK-04,Trauma Emergency Cupboard,B286209,,2026-07-15,clear,sterile,160,3,167.63,2026-06-27T00:00:00+00:00,ScanTrack Theatre Inventory
LOT-DISP-DISPOSABLE_SAW_BLADE_OSCILLATI-01,INV-DISP-DISPOSABLE_SAW_BLADE_OSCILLATI,Disposable Saw Blade - Oscillating,disposable,DIS-289494,05078390847007,box,LOC-STOCK-03,Day Surgery Store,B128783,,2028-06-27,clear,sterile,31,3,21.51,2026-06-20T00:00:00+00:00,Manual Theatre Stocktake
LOT-DISP-DISPOSABLE_SAW_BLADE_OSCILLATI-02,INV-DISP-DISPOSABLE_SAW_BLADE_OSCILLATI,Disposable Saw Blade - Oscillating,disposable,DIS-289494,05078390847007,box,LOC-STOCK-02,Orthopaedic Implant Store,B382154,,2028-06-27,clear,sterile,65,5,119.39,2026-07-08T00:00:00+00:00,ERP Materials Management
LOT-DISP-DISPOSABLE_SAW_BLADE_RECIPROCA-01,INV-DISP-DISPOSABLE_SAW_BLADE_RECIPROCA,Disposable Saw Blade - Reciprocating,disposable,DIS-151093,05017711592124,pack,LOC-STOCK-05,Vendor Loan Kit Holding Bay,B939767,,2026-10-06,clear,sterile,52,0,68.87,2026-06-19T00:00:00+00:00,ScanTrack Theatre Inventory
LOT-DISP-DISPOSABLE_SAW_BLADE_OSCILLATI-01,INV-DISP-DISPOSABLE_SAW_BLADE_OSCILLATI,Disposable Saw Blade – Oscillating,disposable,DIS-188030,05069847896118,pack,LOC-STOCK-04,Trauma Emergency Cupboard,B364239,,2026-10-06,clear,sterile,97,1,134.94,2026-06-17T00:00:00+00:00,ERP Materials Management
LOT-DISP-DISPOSABLE_SAW_BLADE_OSCILLATI-02,INV-DISP-DISPOSABLE_SAW_BLADE_OSCILLATI,Disposable Saw Blade – Oscillating,disposable,DIS-188030,05069847896118,pack,LOC-STOCK-01,Main Theatre Sterile Store,B107704,,2028-06-27,clear,sterile,157,4,279.84,2026-06-27T00:00:00+00:00,ERP Materials Management
LOT-DISP-DISPOSABLE_SAW_BLADE_OSCILLATI-03,INV-DISP-DISPOSABLE_SAW_BLADE_OSCILLATI,Disposable Saw Blade – Oscillating,disposable,DIS-188030,05069847896118,pack,LOC-STOCK-03,Day Surgery Store,B817659,,2027-07-08,clear,sterile,80,0,139.03,2026-06-28T00:00:00+00:00,ScanTrack Theatre Inventory
LOT-DISP-DISPOSABLE_SAW_BLADE_RECIPROCA-01,INV-DISP-DISPOSABLE_SAW_BLADE_RECIPROCA,Disposable Saw Blade – Reciprocating,disposable,DIS-602690,05067365766156,box,LOC-STOCK-02,Orthopaedic Implant Store,B257212,,2028-06-27,clear,sterile,84,4,216.21,2026-07-07T00:00:00+00:00,ERP Materials Management
LOT-DISP-DISPOSABLE_SAW_BLADE_RECIPROCA-02,INV-DISP-DISPOSABLE_SAW_BLADE_RECIPROCA,Disposable Saw Blade – Reciprocating,disposable,DIS-602690,05067365766156,box,LOC-STOCK-01,Main Theatre Sterile Store,B787237,,2026-10-06,clear,sterile,43,3,279.31,2026-06-30T00:00:00+00:00,ScanTrack Theatre Inventory
LOT-DISP-DISPOSABLE_SAW_BLADE_RECIPROCA-03,INV-DISP-DISPOSABLE_SAW_BLADE_RECIPROCA,Disposable Saw Blade – Reciprocating,disposable,DIS-602690,05067365766156,box,LOC-STOCK-05,Vendor Loan Kit Holding Bay,B842464,,2026-10-06,clear,sterile,17,4,229.96,2026-06-28T00:00:00+00:00,ERP Materials Management
LOT-DISP-DISPOSABLE_TROCAR_SET-01,INV-DISP-DISPOSABLE_TROCAR_SET,Disposable Trocar Set,disposable,DIS-921586,05052711116152,pack,LOC-STOCK-03,Day Surgery Store,B631958,,2027-07-08,clear,sterile,129,2,237.95,2026-06-17T00:00:00+00:00,ERP Materials Management
LOT-DISP-DISPOSABLE_TROCAR_SET-02,INV-DISP-DISPOSABLE_TROCAR_SET,Disposable Trocar Set,disposable,DIS-921586,05052711116152,pack,LOC-STOCK-02,Orthopaedic Implant Store,B876909,,2026-07-15,clear,sterile,128,2,205.25,2026-06-21T00:00:00+00:00,Manual Theatre Stocktake
LOT-DISP-GUIDE_WIRE-01,INV-DISP-GUIDE_WIRE,Guide Wire,disposable,DIS-203017,05098851656049,box,LOC-STOCK-02,Orthopaedic Implant Store,B880360,,2027-07-08,clear,sterile,98,2,122.37,2026-06-28T00:00:00+00:00,ScanTrack Theatre Inventory
LOT-DISP-GUIDE_WIRE-02,INV-DISP-GUIDE_WIRE,Guide Wire,disposable,DIS-203017,05098851656049,box,LOC-STOCK-01,Main Theatre Sterile Store,B593393,,2026-08-07,clear,sterile,126,0,243.66,2026-06-20T00:00:00+00:00,ERP Materials Management
LOT-DISP-GUIDE_WIRE-03,INV-DISP-GUIDE_WIRE,Guide Wire,disposable,DIS-203017,05098851656049,box,LOC-STOCK-05,Vendor Loan Kit Holding Bay,B225636,,2027-01-04,clear,sterile,57,5,111.81,2026-06-29T00:00:00+00:00,ScanTrack Theatre Inventory
LOT-DISP-K_WIRE_1_6MM-01,INV-DISP-K_WIRE_1_6MM,K-wire 1.6mm,disposable,DIS-731650,05019832731585,each,LOC-STOCK-02,Orthopaedic Implant Store,B459315,,2028-06-27,clear,sterile,43,3,276.52,2026-06-24T00:00:00+00:00,Manual Theatre Stocktake
LOT-DISP-K_WIRE_2_0MM-01,INV-DISP-K_WIRE_2_0MM,K-wire 2.0mm,disposable,DIS-265239,05093689980940,each,LOC-STOCK-04,Trauma Emergency Cupboard,B448787,,2028-06-27,clear,sterile,28,5,276.37,2026-06-28T00:00:00+00:00,ERP Materials Management
LOT-DISP-K_WIRE_2_0MM-02,INV-DISP-K_WIRE_2_0MM,K-wire 2.0mm,disposable,DIS-265239,05093689980940,each,LOC-STOCK-02,Orthopaedic Implant Store,B898169,,2026-06-18,clear,sterile,78,1,164.75,2026-07-03T00:00:00+00:00,ScanTrack Theatre Inventory
LOT-DISP-K_WIRE_2_0MM-03,INV-DISP-K_WIRE_2_0MM,K-wire 2.0mm,disposable,DIS-265239,05093689980940,each,LOC-STOCK-02,Orthopaedic Implant Store,B744328,,2028-06-27,clear,sterile,30,3,180.31,2026-06-26T00:00:00+00:00,ScanTrack Theatre Inventory
LOT-DISP-PULSE_LAVAGE_TIP-01,INV-DISP-PULSE_LAVAGE_TIP,Pulse Lavage Tip,disposable,DIS-505247,05045502296120,each,LOC-STOCK-02,Orthopaedic Implant Store,B866151,,2026-10-06,clear,sterile,144,2,266.42,2026-06-28T00:00:00+00:00,ERP Materials Management
LOT-DISP-PULSE_LAVAGE_TIP-02,INV-DISP-PULSE_LAVAGE_TIP,Pulse Lavage Tip,disposable,DIS-505247,05045502296120,each,LOC-STOCK-02,Orthopaedic Implant Store,B337256,,2026-07-15,clear,sterile,9,5,246.54,2026-06-29T00:00:00+00:00,Manual Theatre Stocktake
LOT-DISP-PULSE_LAVAGE_TIP-03,INV-DISP-PULSE_LAVAGE_TIP,Pulse Lavage Tip,disposable,DIS-505247,05045502296120,each,LOC-STOCK-03,Day Surgery Store,B275133,,2026-06-18,clear,sterile,158,0,232.09,2026-06-29T00:00:00+00:00,ScanTrack Theatre Inventory
LOT-DISP-PULSE_LAVAGE_TIP-04,INV-DISP-PULSE_LAVAGE_TIP,Pulse Lavage Tip,disposable,DIS-505247,05045502296120,each,LOC-STOCK-05,Vendor Loan Kit Holding Bay,B454245,,2026-10-06,clear,sterile,160,3,249.53,2026-07-04T00:00:00+00:00,ScanTrack Theatre Inventory
LOT-DISP-SCALPEL_BLADE_15-01,INV-DISP-SCALPEL_BLADE_15,Scalpel Blade #15,disposable,DIS-614200,05066752545991,each,LOC-STOCK-04,Trauma Emergency Cupboard,B120053,,2026-08-07,clear,sterile,50,1,69.02,2026-07-04T00:00:00+00:00,Manual Theatre Stocktake
LOT-DISP-SCALPEL_BLADE_15-02,INV-DISP-SCALPEL_BLADE_15,Scalpel Blade #15,disposable,DIS-614200,05066752545991,each,LOC-STOCK-02,Orthopaedic Implant Store,B229144,,2027-07-08,clear,sterile,137,2,201.42,2026-07-07T00:00:00+00:00,ScanTrack Theatre Inventory
LOT-DISP-SCALPEL_BLADE_15-03,INV-DISP-SCALPEL_BLADE_15,Scalpel Blade #15,disposable,DIS-614200,05066752545991,each,LOC-STOCK-05,Vendor Loan Kit Holding Bay,B150947,,2027-07-08,clear,sterile,144,4,278.55,2026-06-17T00:00:00+00:00,Manual Theatre Stocktake
LOT-DISP-SCALPEL_BLADE_15-04,INV-DISP-SCALPEL_BLADE_15,Scalpel Blade #15,disposable,DIS-614200,05066752545991,each,LOC-STOCK-01,Main Theatre Sterile Store,B537020,,2027-07-08,clear,sterile,20,3,111.43,2026-06-21T00:00:00+00:00,ScanTrack Theatre Inventory
LOT-DISP-STEINMANN_PIN_3_0MM-01,INV-DISP-STEINMANN_PIN_3_0MM,Steinmann Pin 3.0mm,disposable,DIS-316847,05029014767976,box,LOC-STOCK-03,Day Surgery Store,B541315,,2027-07-08,clear,sterile,10,5,35.47,2026-06-22T00:00:00+00:00,ScanTrack Theatre Inventory
LOT-DISP-STEINMANN_PIN_3_0MM-02,INV-DISP-STEINMANN_PIN_3_0MM,Steinmann Pin 3.0mm,disposable,DIS-316847,05029014767976,box,LOC-STOCK-04,Trauma Emergency Cupboard,B971002,,2027-01-04,clear,sterile,43,0,147.15,2026-06-19T00:00:00+00:00,Manual Theatre Stocktake
LOT-DISP-STEINMANN_PIN_3_0MM-03,INV-DISP-STEINMANN_PIN_3_0MM,Steinmann Pin 3.0mm,disposable,DIS-316847,05029014767976,box,LOC-STOCK-04,Trauma Emergency Cupboard,B308296,,2026-08-07,clear,sterile,35,4,62.33,2026-06-30T00:00:00+00:00,ERP Materials Management
LOT-DISP-STEINMANN_PIN_3_0MM-04,INV-DISP-STEINMANN_PIN_3_0MM,Steinmann Pin 3.0mm,disposable,DIS-316847,05029014767976,box,LOC-STOCK-03,Day Surgery Store,B268163,,2026-07-15,clear,sterile,112,0,157.09,2026-07-02T00:00:00+00:00,ERP Materials Management
LOT-DISP-STEINMANN_PIN_4_0MM-01,INV-DISP-STEINMANN_PIN_4_0MM,Steinmann Pin 4.0mm,disposable,DIS-459987,05081561497840,each,LOC-STOCK-01,Main Theatre Sterile Store,B215795,,2026-08-07,clear,sterile,11,4,189.97,2026-07-04T00:00:00+00:00,Manual Theatre Stocktake
LOT-DISP-STEINMANN_PIN_4_0MM-02,INV-DISP-STEINMANN_PIN_4_0MM,Steinmann Pin 4.0mm,disposable,DIS-459987,05081561497840,each,LOC-STOCK-03,Day Surgery Store,B775636,,2028-06-27,clear,sterile,33,1,132.24,2026-06-29T00:00:00+00:00,ScanTrack Theatre Inventory
LOT-DISP-STEINMANN_PIN_4_0MM-03,INV-DISP-STEINMANN_PIN_4_0MM,Steinmann Pin 4.0mm,disposable,DIS-459987,05081561497840,each,LOC-STOCK-01,Main Theatre Sterile Store,B993647,,2026-10-06,clear,sterile,52,2,105.98,2026-06-17T00:00:00+00:00,ScanTrack Theatre Inventory
LOT-DISP-STEINMANN_PIN_4_0MM-04,INV-DISP-STEINMANN_PIN_4_0MM,Steinmann Pin 4.0mm,disposable,DIS-459987,05081561497840,each,LOC-STOCK-01,Main Theatre Sterile Store,B110142,,2026-10-06,clear,sterile,32,1,188.43,2026-07-03T00:00:00+00:00,ScanTrack Theatre Inventory
LOT-DISP-SURGICAL_PATTIES-01,INV-DISP-SURGICAL_PATTIES,Surgical Patties,disposable,DIS-213773,05090034324451,each,LOC-STOCK-01,Main Theatre Sterile Store,B490722,,2026-10-06,supplier_notice,sterile,76,2,57.74,2026-06-26T00:00:00+00:00,ScanTrack Theatre Inventory
LOT-DISP-SURGICAL_PATTIES-02,INV-DISP-SURGICAL_PATTIES,Surgical Patties,disposable,DIS-213773,05090034324451,each,LOC-STOCK-04,Trauma Emergency Cupboard,B938754,,2026-10-06,clear,sterile,106,3,184.49,2026-07-03T00:00:00+00:00,Manual Theatre Stocktake
LOT-DISP-SURGICAL_PATTIES-03,INV-DISP-SURGICAL_PATTIES,Surgical Patties,disposable,DIS-213773,05090034324451,each,LOC-STOCK-02,Orthopaedic Implant Store,B208751,,2026-07-15,clear,sterile,23,3,255.85,2026-06-23T00:00:00+00:00,ERP Materials Management
LOT-IMPL-1ST_MTP_FUSION_PLATE-01,INV-IMPL-1ST_MTP_FUSION_PLATE,1st MTP Fusion Plate,implant,IMP-694980,05062268388516,each,LOC-STOCK-05,Vendor Loan Kit Holding Bay,B130216,S3192032,2026-07-15,clear,sterile,11,3,6010.45,2026-07-05T00:00:00+00:00,ScanTrack Theatre Inventory
LOT-IMPL-1ST_MTP_FUSION_PLATE-02,INV-IMPL-1ST_MTP_FUSION_PLATE,1st MTP Fusion Plate,implant,IMP-694980,05062268388516,each,LOC-STOCK-03,Day Surgery Store,B112960,S9804983,2026-10-06,clear,sterile,8,5,3896.39,2026-06-20T00:00:00+00:00,Manual Theatre Stocktake
LOT-IMPL-1ST_MTP_FUSION_PLATE-03,INV-IMPL-1ST_MTP_FUSION_PLATE,1st MTP Fusion Plate,implant,IMP-694980,05062268388516,each,LOC-STOCK-05,Vendor Loan Kit Holding Bay,B821673,S2597897,2027-07-08,clear,sterile,16,3,4419.54,2026-07-01T00:00:00+00:00,ScanTrack Theatre Inventory
LOT-IMPL-1ST_MTP_FUSION_PLATE-04,INV-IMPL-1ST_MTP_FUSION_PLATE,1st MTP Fusion Plate,implant,IMP-694980,05062268388516,each,LOC-STOCK-02,Orthopaedic Implant Store,B979789,S1915467,2026-08-07,clear,sterile,12,0,4306.9,2026-07-03T00:00:00+00:00,ERP Materials Management
LOT-IMPL-ANATOMIC_TIBIA_LOCKING_PLATE_S-01,INV-IMPL-ANATOMIC_TIBIA_LOCKING_PLATE_S,Anatomic Tibia Locking Plate Set,implant,IMP-326485,05060715969664,each,LOC-STOCK-01,Main Theatre Sterile Store,B887931,S9248484,2028-06-27,clear,sterile,5,2,1831.48,2026-06-30T00:00:00+00:00,Manual Theatre Stocktake
LOT-IMPL-ANATOMIC_TIBIA_LOCKING_PLATE_S-02,INV-IMPL-ANATOMIC_TIBIA_LOCKING_PLATE_S,Anatomic Tibia Locking Plate Set,implant,IMP-326485,05060715969664,each,LOC-STOCK-04,Trauma Emergency Cupboard,B956794,S4942645,2027-01-04,clear,sterile,12,0,3173.43,2026-06-20T00:00:00+00:00,ScanTrack Theatre Inventory
LOT-IMPL-ANATOMIC_TIBIA_LOCKING_PLATE_S-03,INV-IMPL-ANATOMIC_TIBIA_LOCKING_PLATE_S,Anatomic Tibia Locking Plate Set,implant,IMP-326485,05060715969664,each,LOC-STOCK-03,Day Surgery Store,B224473,S9344540,2026-06-18,clear,sterile,14,5,4368.24,2026-07-05T00:00:00+00:00,ScanTrack Theatre Inventory
LOT-IMPL-ANATOMIC_TIBIA_LOCKING_PLATE_S-04,INV-IMPL-ANATOMIC_TIBIA_LOCKING_PLATE_S,Anatomic Tibia Locking Plate Set,implant,IMP-326485,05060715969664,each,LOC-STOCK-01,Main Theatre Sterile Store,B966028,S2524974,2026-10-06,clear,sterile,17,4,6273.5,2026-06-18T00:00:00+00:00,ScanTrack Theatre Inventory
LOT-IMPL-CPCS_STEM-01,INV-IMPL-CPCS_STEM,CPCS Stem,implant,IMP-626119,05060529751613,each,LOC-STOCK-03,Day Surgery Store,B965401,S1910586,2027-07-08,clear,sterile,10,1,5542.55,2026-06-28T00:00:00+00:00,ERP Materials Management
LOT-IMPL-CPCS_STEM-02,INV-IMPL-CPCS_STEM,CPCS Stem,implant,IMP-626119,05060529751613,each,LOC-STOCK-03,Day Surgery Store,B850689,S8592234,2028-06-27,clear,sterile,15,0,949.24,2026-06-17T00:00:00+00:00,Manual Theatre Stocktake
LOT-IMPL-CERAMIC_HEAD_COMPONENT-01,INV-IMPL-CERAMIC_HEAD_COMPONENT,Ceramic Head Component,implant,IMP-413366,05096816453521,each,LOC-STOCK-05,Vendor Loan Kit Holding Bay,B647341,S7272839,2026-08-07,clear,sterile,9,5,1003.88,2026-07-03T00:00:00+00:00,ScanTrack Theatre Inventory
LOT-IMPL-COMPRESSION_SCREWS-01,INV-IMPL-COMPRESSION_SCREWS,Compression Screws,implant,IMP-830775,05088355231243,each,LOC-STOCK-01,Main Theatre Sterile Store,B366641,S4287016,2028-06-27,clear,sterile,13,1,1092.59,2026-06-26T00:00:00+00:00,Manual Theatre Stocktake
LOT-IMPL-COMPRESSION_SCREWS-02,INV-IMPL-COMPRESSION_SCREWS,Compression Screws,implant,IMP-830775,05088355231243,each,LOC-STOCK-03,Day Surgery Store,B213000,S7953658,2026-10-06,clear,sterile,6,0,6048.75,2026-06-17T00:00:00+00:00,ERP Materials Management
LOT-IMPL-CORTICAL_SCREWS-01,INV-IMPL-CORTICAL_SCREWS,Cortical Screws,implant,IMP-831196,05092127799799,each,LOC-STOCK-05,Vendor Loan Kit Holding Bay,B628689,S3258817,2028-06-27,clear,sterile,14,3,376.68,2026-07-07T00:00:00+00:00,ERP Materials Management
LOT-IMPL-DISTAL_FIBULA_PLATE_SET-01,INV-IMPL-DISTAL_FIBULA_PLATE_SET,Distal Fibula Plate Set,implant,IMP-767536,05052717744905,each,LOC-STOCK-02,Orthopaedic Implant Store,B825423,S3913368,2028-06-27,clear,sterile,16,5,5363.75,2026-07-05T00:00:00+00:00,ScanTrack Theatre Inventory
LOT-IMPL-DISTAL_FIBULA_PLATE_SET-02,INV-IMPL-DISTAL_FIBULA_PLATE_SET,Distal Fibula Plate Set,implant,IMP-767536,05052717744905,each,LOC-STOCK-05,Vendor Loan Kit Holding Bay,B503348,S8024028,2027-07-08,clear,sterile,10,4,5982.85,2026-07-01T00:00:00+00:00,ScanTrack Theatre Inventory
LOT-IMPL-DISTAL_FIBULA_PLATE_SET-03,INV-IMPL-DISTAL_FIBULA_PLATE_SET,Distal Fibula Plate Set,implant,IMP-767536,05052717744905,each,LOC-STOCK-04,Trauma Emergency Cupboard,B943890,S3237608,2026-10-06,supplier_notice,sterile,9,1,2888.38,2026-06-22T00:00:00+00:00,ScanTrack Theatre Inventory
LOT-IMPL-DISTAL_FIBULA_PLATE_SET-04,INV-IMPL-DISTAL_FIBULA_PLATE_SET,Distal Fibula Plate Set,implant,IMP-767536,05052717744905,each,LOC-STOCK-05,Vendor Loan Kit Holding Bay,B763311,S4646403,2028-06-27,clear,sterile,10,1,1639.73,2026-06-29T00:00:00+00:00,ERP Materials Management
LOT-IMPL-FEMORAL_COMPONENT-01,INV-IMPL-FEMORAL_COMPONENT,Femoral Component,implant,IMP-768112,05047700541199,each,LOC-STOCK-05,Vendor Loan Kit Holding Bay,B668843,S6408662,2027-07-08,clear,sterile,5,5,1059.74,2026-06-27T00:00:00+00:00,ERP Materials Management
LOT-IMPL-FEMORAL_COMPONENT-02,INV-IMPL-FEMORAL_COMPONENT,Femoral Component,implant,IMP-768112,05047700541199,each,LOC-STOCK-05,Vendor Loan Kit Holding Bay,B399817,S8086467,2026-10-06,clear,sterile,13,0,3564.79,2026-07-08T00:00:00+00:00,ScanTrack Theatre Inventory
LOT-IMPL-FEMORAL_COMPONENT-03,INV-IMPL-FEMORAL_COMPONENT,Femoral Component,implant,IMP-768112,05047700541199,each,LOC-STOCK-02,Orthopaedic Implant Store,B379947,S3700047,2026-07-15,clear,sterile,1,1,4552.85,2026-07-04T00:00:00+00:00,Manual Theatre Stocktake
LOT-IMPL-FEMORAL_STEM_COMPONENT-01,INV-IMPL-FEMORAL_STEM_COMPONENT,Femoral Stem Component,implant,IMP-103107,05079807935978,each,LOC-STOCK-03,Day Surgery Store,B953568,S8593275,2026-07-15,clear,sterile,1,0,4139.07,2026-06-17T00:00:00+00:00,ERP Materials Management
LOT-IMPL-FEMORAL_STEM_COMPONENT-02,INV-IMPL-FEMORAL_STEM_COMPONENT,Femoral Stem Component,implant,IMP-103107,05079807935978,each,LOC-STOCK-04,Trauma Emergency Cupboard,B349136,S9571853,2027-01-04,clear,sterile,17,5,2118.98,2026-06-17T00:00:00+00:00,Manual Theatre Stocktake
LOT-IMPL-FEMORAL_STEM_COMPONENT-03,INV-IMPL-FEMORAL_STEM_COMPONENT,Femoral Stem Component,implant,IMP-103107,05079807935978,each,LOC-STOCK-05,Vendor Loan Kit Holding Bay,B156415,S1217520,2026-10-06,clear,sterile,10,5,1895.75,2026-06-19T00:00:00+00:00,ScanTrack Theatre Inventory
LOT-IMPL-GLENOID_BASE_COMPONENT-01,INV-IMPL-GLENOID_BASE_COMPONENT,Glenoid Base Component,implant,IMP-748674,05007151820377,each,LOC-STOCK-05,Vendor Loan Kit Holding Bay,B673167,S4296204,2027-07-08,clear,sterile,11,5,6280.38,2026-06-29T00:00:00+00:00,ScanTrack Theatre Inventory
LOT-IMPL-GLENOID_BASE_COMPONENT-02,INV-IMPL-GLENOID_BASE_COMPONENT,Glenoid Base Component,implant,IMP-748674,05007151820377,each,LOC-STOCK-02,Orthopaedic Implant Store,B282237,S9620919,2026-07-15,quarantined,sterile,1,0,2669.77,2026-06-25T00:00:00+00:00,ScanTrack Theatre Inventory
LOT-IMPL-GLENOSPHERE_COMPONENT-01,INV-IMPL-GLENOSPHERE_COMPONENT,Glenosphere Component,implant,IMP-895066,05055466590515,each,LOC-STOCK-01,Main Theatre Sterile Store,B446620,S8823741,2026-07-15,clear,sterile,8,5,6115.59,2026-07-07T00:00:00+00:00,Manual Theatre Stocktake
LOT-IMPL-GLENOSPHERE_COMPONENT-02,INV-IMPL-GLENOSPHERE_COMPONENT,Glenosphere Component,implant,IMP-895066,05055466590515,each,LOC-STOCK-04,Trauma Emergency Cupboard,B928278,S7007679,2026-08-07,clear,sterile,9,0,5171.79,2026-06-28T00:00:00+00:00,ERP Materials Management
LOT-IMPL-GLENOSPHERE_COMPONENT-03,INV-IMPL-GLENOSPHERE_COMPONENT,Glenosphere Component,implant,IMP-895066,05055466590515,each,LOC-STOCK-01,Main Theatre Sterile Store,B924451,S9474848,2026-07-15,supplier_notice,sterile,16,1,2907.98,2026-06-21T00:00:00+00:00,ScanTrack Theatre Inventory
LOT-IMPL-HUMERAL_STEM_COMPONENT-01,INV-IMPL-HUMERAL_STEM_COMPONENT,Humeral Stem Component,implant,IMP-514173,05086449251925,each,LOC-STOCK-03,Day Surgery Store,B447148,S7053183,2026-08-07,clear,sterile,6,2,1693.44,2026-06-19T00:00:00+00:00,ERP Materials Management
LOT-IMPL-HUMERAL_TRAY-01,INV-IMPL-HUMERAL_TRAY,Humeral Tray,implant,IMP-241240,05062914865281,each,LOC-STOCK-01,Main Theatre Sterile Store,B801432,S6805039,2027-01-04,clear,sterile,0,0,1828.14,2026-06-18T00:00:00+00:00,ERP Materials Management
LOT-IMPL-HUMERAL_TRAY-02,INV-IMPL-HUMERAL_TRAY,Humeral Tray,implant,IMP-241240,05062914865281,each,LOC-STOCK-03,Day Surgery Store,B499898,S2902100,2027-01-04,clear,sterile,1,1,1928.03,2026-06-29T00:00:00+00:00,Manual Theatre Stocktake
LOT-IMPL-HUMERAL_TRAY-03,INV-IMPL-HUMERAL_TRAY,Humeral Tray,implant,IMP-241240,05062914865281,each,LOC-STOCK-05,Vendor Loan Kit Holding Bay,B941814,S9535166,2027-01-04,clear,sterile,11,3,3343.85,2026-06-29T00:00:00+00:00,ERP Materials Management
LOT-IMPL-HUMERAL_TRAY-04,INV-IMPL-HUMERAL_TRAY,Humeral Tray,implant,IMP-241240,05062914865281,each,LOC-STOCK-01,Main Theatre Sterile Store,B275526,S9945709,2026-07-15,clear,sterile,2,0,4205.64,2026-07-02T00:00:00+00:00,ERP Materials Management
LOT-IMPL-INTRAMEDULLARY_FEMORAL_NAIL-01,INV-IMPL-INTRAMEDULLARY_FEMORAL_NAIL,Intramedullary Femoral Nail,implant,IMP-938826,05085054235733,each,LOC-STOCK-02,Orthopaedic Implant Store,B663876,S8302077,2028-06-27,clear,sterile,3,0,4943.38,2026-07-04T00:00:00+00:00,Manual Theatre Stocktake
LOT-IMPL-INTRAMEDULLARY_FEMORAL_NAIL-02,INV-IMPL-INTRAMEDULLARY_FEMORAL_NAIL,Intramedullary Femoral Nail,implant,IMP-938826,05085054235733,each,LOC-STOCK-01,Main Theatre Sterile Store,B176806,S1910467,2026-10-06,clear,sterile,1,0,5234.42,2026-06-21T00:00:00+00:00,Manual Theatre Stocktake
LOT-IMPL-LAG_SCREW_KIT-01,INV-IMPL-LAG_SCREW_KIT,Lag Screw Kit,implant,IMP-633470,05021418880592,each,LOC-STOCK-04,Trauma Emergency Cupboard,B554059,S6308382,2026-08-07,clear,sterile,14,0,2745.44,2026-07-05T00:00:00+00:00,ERP Materials Management
LOT-IMPL-LAG_SCREW_KIT-02,INV-IMPL-LAG_SCREW_KIT,Lag Screw Kit,implant,IMP-633470,05021418880592,each,LOC-STOCK-05,Vendor Loan Kit Holding Bay,B147727,S2217848,2026-06-18,clear,sterile,2,1,6057.49,2026-07-05T00:00:00+00:00,ScanTrack Theatre Inventory
LOT-IMPL-MALLEOLAR_SCREWS-01,INV-IMPL-MALLEOLAR_SCREWS,Malleolar Screws,implant,IMP-751256,05022292706537,each,LOC-STOCK-04,Trauma Emergency Cupboard,B514306,S1517059,2027-01-04,clear,sterile,14,3,1311.39,2026-07-01T00:00:00+00:00,Manual Theatre Stocktake
LOT-IMPL-MALLEOLAR_SCREWS-02,INV-IMPL-MALLEOLAR_SCREWS,Malleolar Screws,implant,IMP-751256,05022292706537,each,LOC-STOCK-03,Day Surgery Store,B764845,S3417186,2027-07-08,clear,sterile,17,2,4515.33,2026-06-18T00:00:00+00:00,ScanTrack Theatre Inventory
LOT-IMPL-MALLEOLAR_SCREWS-03,INV-IMPL-MALLEOLAR_SCREWS,Malleolar Screws,implant,IMP-751256,05022292706537,each,LOC-STOCK-02,Orthopaedic Implant Store,B229221,S1700837,2026-06-18,clear,sterile,17,0,3872.22,2026-06-26T00:00:00+00:00,ERP Materials Management
LOT-IMPL-POLYETHYLENE_INSERT-01,INV-IMPL-POLYETHYLENE_INSERT,Polyethylene Insert,implant,IMP-994358,05073834735977,each,LOC-STOCK-02,Orthopaedic Implant Store,B532699,S9599207,2026-08-07,clear,sterile,11,1,1339.87,2026-07-01T00:00:00+00:00,ERP Materials Management
LOT-IMPL-R3_ACETABULAR_CUP_COMPONENT-01,INV-IMPL-R3_ACETABULAR_CUP_COMPONENT,R3 Acetabular Cup Component,implant,IMP-739782,05068862392407,each,LOC-STOCK-01,Main Theatre Sterile Store,B992744,S8738745,2026-07-15,clear,sterile,18,5,3730.44,2026-06-29T00:00:00+00:00,ERP Materials Management
LOT-IMPL-R3_ACETABULAR_CUP_COMPONENT-02,INV-IMPL-R3_ACETABULAR_CUP_COMPONENT,R3 Acetabular Cup Component,implant,IMP-739782,05068862392407,each,LOC-STOCK-05,Vendor Loan Kit Holding Bay,B610856,S6550757,2026-06-18,clear,sterile,6,2,1138.52,2026-06-18T00:00:00+00:00,Manual Theatre Stocktake
LOT-IMPL-R3_ACETABULAR_CUP_COMPONENT-03,INV-IMPL-R3_ACETABULAR_CUP_COMPONENT,R3 Acetabular Cup Component,implant,IMP-739782,05068862392407,each,LOC-STOCK-02,Orthopaedic Implant Store,B433222,S9151398,2026-06-18,clear,sterile,2,1,2369.33,2026-06-17T00:00:00+00:00,ScanTrack Theatre Inventory
LOT-IMPL-SUTURETAPE_ANCHORS-01,INV-IMPL-SUTURETAPE_ANCHORS,SutureTape Anchors,implant,IMP-319009,05081814124782,each,LOC-STOCK-04,Trauma Emergency Cupboard,B276831,S1081065,2027-01-04,clear,sterile,10,2,1863.98,2026-07-01T00:00:00+00:00,ERP Materials Management
LOT-IMPL-SUTURETAPE_ANCHORS-02,INV-IMPL-SUTURETAPE_ANCHORS,SutureTape Anchors,implant,IMP-319009,05081814124782,each,LOC-STOCK-03,Day Surgery Store,B240829,S6562703,2027-07-08,clear,sterile,8,3,3196.52,2026-06-27T00:00:00+00:00,ScanTrack Theatre Inventory
LOT-IMPL-SWIVELOCK_ANCHORS-01,INV-IMPL-SWIVELOCK_ANCHORS,SwiveLock Anchors,implant,IMP-576685,05013750606853,each,LOC-STOCK-03,Day Surgery Store,B966589,S3348838,2027-01-04,clear,sterile,2,2,1558.06,2026-06-18T00:00:00+00:00,Manual Theatre Stocktake
LOT-IMPL-SWIVELOCK_ANCHORS-02,INV-IMPL-SWIVELOCK_ANCHORS,SwiveLock Anchors,implant,IMP-576685,05013750606853,each,LOC-STOCK-05,Vendor Loan Kit Holding Bay,B762308,S1523352,2027-07-08,clear,sterile,0,0,5080.58,2026-07-02T00:00:00+00:00,Manual Theatre Stocktake
LOT-IMPL-SWIVELOCK_ANCHORS-03,INV-IMPL-SWIVELOCK_ANCHORS,SwiveLock Anchors,implant,IMP-576685,05013750606853,each,LOC-STOCK-04,Trauma Emergency Cupboard,B785672,S3493647,2027-01-04,clear,sterile,17,2,2763.86,2026-06-20T00:00:00+00:00,ERP Materials Management
LOT-IMPL-SWIVELOCK_ANCHORS-04,INV-IMPL-SWIVELOCK_ANCHORS,SwiveLock Anchors,implant,IMP-576685,05013750606853,each,LOC-STOCK-05,Vendor Loan Kit Holding Bay,B635205,S2519244,2028-06-27,clear,sterile,14,3,2587.77,2026-07-08T00:00:00+00:00,ERP Materials Management
LOT-IMPL-TENODESIS_SCREW-01,INV-IMPL-TENODESIS_SCREW,Tenodesis Screw,implant,IMP-320487,05015305152204,each,LOC-STOCK-05,Vendor Loan Kit Holding Bay,B247189,S8486336,2028-06-27,supplier_notice,sterile,5,1,1451.74,2026-06-20T00:00:00+00:00,ERP Materials Management
LOT-IMPL-TENODESIS_SCREW-02,INV-IMPL-TENODESIS_SCREW,Tenodesis Screw,implant,IMP-320487,05015305152204,each,LOC-STOCK-03,Day Surgery Store,B142383,S4671175,2028-06-27,supplier_notice,sterile,15,3,1775.26,2026-06-30T00:00:00+00:00,ScanTrack Theatre Inventory
LOT-IMPL-TIBIAL_BASEPLATE-01,INV-IMPL-TIBIAL_BASEPLATE,Tibial Baseplate,implant,IMP-835265,05027790104328,each,LOC-STOCK-03,Day Surgery Store,B506945,S8879825,2026-06-18,clear,sterile,16,3,5771.54,2026-07-07T00:00:00+00:00,ERP Materials Management
LOT-IMPL-TIBIAL_BASEPLATE-02,INV-IMPL-TIBIAL_BASEPLATE,Tibial Baseplate,implant,IMP-835265,05027790104328,each,LOC-STOCK-03,Day Surgery Store,B975427,S5417710,2026-08-07,clear,sterile,16,4,3697.75,2026-07-03T00:00:00+00:00,ScanTrack Theatre Inventory
LOT-IMPL-TRAPEZIATOME_SPACER-01,INV-IMPL-TRAPEZIATOME_SPACER,Trapeziatome Spacer,implant,IMP-747591,05014341036971,each,LOC-STOCK-05,Vendor Loan Kit Holding Bay,B363807,S7313749,2026-08-07,clear,sterile,2,0,3525.69,2026-06-27T00:00:00+00:00,ScanTrack Theatre Inventory
LOT-IMPL-TRAPEZIATOME_SPACER-02,INV-IMPL-TRAPEZIATOME_SPACER,Trapeziatome Spacer,implant,IMP-747591,05014341036971,each,LOC-STOCK-05,Vendor Loan Kit Holding Bay,B245718,S8380275,2026-10-06,clear,sterile,0,0,1764.44,2026-06-22T00:00:00+00:00,ERP Materials Management
LOT-IMPL-TRAPEZIATOME_SPACER-03,INV-IMPL-TRAPEZIATOME_SPACER,Trapeziatome Spacer,implant,IMP-747591,05014341036971,each,LOC-STOCK-02,Orthopaedic Implant Store,B479818,S2985251,2026-08-07,clear,sterile,5,5,1766.63,2026-06-28T00:00:00+00:00,ERP Materials Management
LOT-IMPL-TRAPEZIATOME_SPACER-04,INV-IMPL-TRAPEZIATOME_SPACER,Trapeziatome Spacer,implant,IMP-747591,05014341036971,each,LOC-STOCK-04,Trauma Emergency Cupboard,B320939,S3705263,2026-06-18,clear,sterile,15,5,5475.19,2026-07-08T00:00:00+00:00,Manual Theatre Stocktake
LOT-SUTU-CLIPS-01,INV-SUTU-CLIPS,Clips,suture,SUT-956961,05079808932460,box,LOC-STOCK-02,Orthopaedic Implant Store,B760120,,2026-07-15,clear,sterile,26,4,6.6,2026-06-20T00:00:00+00:00,Manual Theatre Stocktake
LOT-SUTU-ETHIBOND_EXCEL_2-01,INV-SUTU-ETHIBOND_EXCEL_2,Ethibond Excel #2,suture,SUT-806562,05096218518888,box,LOC-STOCK-05,Vendor Loan Kit Holding Bay,B525151,,2026-07-15,clear,sterile,29,4,56.35,2026-06-18T00:00:00+00:00,Manual Theatre Stocktake
LOT-SUTU-ETHIBOND_EXCEL_5-01,INV-SUTU-ETHIBOND_EXCEL_5,Ethibond Excel #5,suture,SUT-924162,05067065405153,box,LOC-STOCK-04,Trauma Emergency Cupboard,B605065,,2026-06-18,clear,sterile,83,1,16.24,2026-06-25T00:00:00+00:00,ERP Materials Management
LOT-SUTU-ETHIBOND_EXCEL_5-02,INV-SUTU-ETHIBOND_EXCEL_5,Ethibond Excel #5,suture,SUT-924162,05067065405153,box,LOC-STOCK-05,Vendor Loan Kit Holding Bay,B791691,,2026-07-15,clear,sterile,29,4,18.65,2026-06-17T00:00:00+00:00,ScanTrack Theatre Inventory
LOT-SUTU-ETHIBOND_EXCEL_5-03,INV-SUTU-ETHIBOND_EXCEL_5,Ethibond Excel #5,suture,SUT-924162,05067065405153,box,LOC-STOCK-02,Orthopaedic Implant Store,B496583,,2026-10-06,clear,sterile,14,3,11.57,2026-07-08T00:00:00+00:00,Manual Theatre Stocktake
LOT-SUTU-ETHILON_3_0-01,INV-SUTU-ETHILON_3_0,Ethilon 3-0,suture,SUT-994297,05095205852772,box,LOC-STOCK-02,Orthopaedic Implant Store,B598985,,2028-06-27,clear,sterile,18,4,36.59,2026-06-21T00:00:00+00:00,ERP Materials Management
LOT-SUTU-ETHILON_3_0-02,INV-SUTU-ETHILON_3_0,Ethilon 3-0,suture,SUT-994297,05095205852772,box,LOC-STOCK-02,Orthopaedic Implant Store,B732789,,2028-06-27,clear,sterile,67,4,48.77,2026-06-17T00:00:00+00:00,ERP Materials Management
LOT-SUTU-ETHILON_3_0-03,INV-SUTU-ETHILON_3_0,Ethilon 3-0,suture,SUT-994297,05095205852772,box,LOC-STOCK-01,Main Theatre Sterile Store,B831531,,2026-10-06,clear,sterile,53,4,27.45,2026-06-23T00:00:00+00:00,ScanTrack Theatre Inventory
LOT-SUTU-ETHILON_3_0-04,INV-SUTU-ETHILON_3_0,Ethilon 3-0,suture,SUT-994297,05095205852772,box,LOC-STOCK-01,Main Theatre Sterile Store,B546157,,2026-08-07,clear,sterile,79,1,18.12,2026-07-01T00:00:00+00:00,Manual Theatre Stocktake
LOT-SUTU-ETHILON_4_0-01,INV-SUTU-ETHILON_4_0,Ethilon 4-0,suture,SUT-889284,05017043030548,box,LOC-STOCK-03,Day Surgery Store,B298202,,2027-01-04,clear,sterile,58,0,42.44,2026-07-08T00:00:00+00:00,ERP Materials Management
LOT-SUTU-ETHILON_4_0-02,INV-SUTU-ETHILON_4_0,Ethilon 4-0,suture,SUT-889284,05017043030548,box,LOC-STOCK-04,Trauma Emergency Cupboard,B786341,,2027-01-04,clear,sterile,6,1,41.3,2026-06-28T00:00:00+00:00,ScanTrack Theatre Inventory
LOT-SUTU-ETHILON_4_0-03,INV-SUTU-ETHILON_4_0,Ethilon 4-0,suture,SUT-889284,05017043030548,box,LOC-STOCK-05,Vendor Loan Kit Holding Bay,B365953,,2026-08-07,clear,sterile,60,2,50.24,2026-06-25T00:00:00+00:00,ERP Materials Management
LOT-SUTU-FIBERTAPE_2MM-01,INV-SUTU-FIBERTAPE_2MM,FiberTape 2mm,suture,SUT-133813,05040345054156,box,LOC-STOCK-02,Orthopaedic Implant Store,B533301,,2027-01-04,clear,sterile,56,4,46.43,2026-06-23T00:00:00+00:00,Manual Theatre Stocktake
LOT-SUTU-FIBERTAPE_2MM-02,INV-SUTU-FIBERTAPE_2MM,FiberTape 2mm,suture,SUT-133813,05040345054156,box,LOC-STOCK-03,Day Surgery Store,B421549,,2026-08-07,clear,sterile,67,4,22.92,2026-06-26T00:00:00+00:00,ERP Materials Management
LOT-SUTU-FIBERTAPE_2MM-03,INV-SUTU-FIBERTAPE_2MM,FiberTape 2mm,suture,SUT-133813,05040345054156,box,LOC-STOCK-02,Orthopaedic Implant Store,B568288,,2026-07-15,clear,sterile,21,5,55.28,2026-07-05T00:00:00+00:00,Manual Theatre Stocktake
LOT-SUTU-FIBERWIRE_2-01,INV-SUTU-FIBERWIRE_2,FiberWire #2,suture,SUT-455452,05065277584161,box,LOC-STOCK-05,Vendor Loan Kit Holding Bay,B830917,,2028-06-27,clear,sterile,76,5,42.31,2026-07-03T00:00:00+00:00,ScanTrack Theatre Inventory
LOT-SUTU-FIBERWIRE_2-02,INV-SUTU-FIBERWIRE_2,FiberWire #2,suture,SUT-455452,05065277584161,box,LOC-STOCK-02,Orthopaedic Implant Store,B594580,,2027-07-08,clear,sterile,17,4,27.79,2026-07-06T00:00:00+00:00,ScanTrack Theatre Inventory
LOT-SUTU-FIBERWIRE_2-03,INV-SUTU-FIBERWIRE_2,FiberWire #2,suture,SUT-455452,05065277584161,box,LOC-STOCK-01,Main Theatre Sterile Store,B859687,,2026-07-15,clear,sterile,83,3,54.29,2026-06-26T00:00:00+00:00,ERP Materials Management
LOT-SUTU-FIBERWIRE_2-04,INV-SUTU-FIBERWIRE_2,FiberWire #2,suture,SUT-455452,05065277584161,box,LOC-STOCK-01,Main Theatre Sterile Store,B911187,,2027-07-08,clear,sterile,82,1,38.76,2026-06-24T00:00:00+00:00,Manual Theatre Stocktake
LOT-SUTU-FIBERWIRE_5-01,INV-SUTU-FIBERWIRE_5,FiberWire #5,suture,SUT-887676,05084511544796,box,LOC-STOCK-03,Day Surgery Store,B304206,,2028-06-27,clear,sterile,72,0,46.44,2026-06-22T00:00:00+00:00,ERP Materials Management
LOT-SUTU-FIBERWIRE_5-02,INV-SUTU-FIBERWIRE_5,FiberWire #5,suture,SUT-887676,05084511544796,box,LOC-STOCK-01,Main Theatre Sterile Store,B477214,,2027-07-08,clear,sterile,27,1,39.54,2026-07-03T00:00:00+00:00,Manual Theatre Stocktake
LOT-SUTU-MONOCRYL_3_0-01,INV-SUTU-MONOCRYL_3_0,Monocryl 3-0,suture,SUT-491334,05075705964016,box,LOC-STOCK-04,Trauma Emergency Cupboard,B714549,,2028-06-27,clear,sterile,56,1,32.2,2026-07-06T00:00:00+00:00,Manual Theatre Stocktake
LOT-SUTU-MONOCRYL_3_0-02,INV-SUTU-MONOCRYL_3_0,Monocryl 3-0,suture,SUT-491334,05075705964016,box,LOC-STOCK-05,Vendor Loan Kit Holding Bay,B465004,,2027-01-04,clear,sterile,77,2,56.04,2026-06-30T00:00:00+00:00,Manual Theatre Stocktake
LOT-SUTU-MONOCRYL_3_0-03,INV-SUTU-MONOCRYL_3_0,Monocryl 3-0,suture,SUT-491334,05075705964016,box,LOC-STOCK-04,Trauma Emergency Cupboard,B702833,,2027-01-04,supplier_notice,sterile,64,0,18.47,2026-06-25T00:00:00+00:00,ERP Materials Management
LOT-SUTU-MONOCRYL_4_0-01,INV-SUTU-MONOCRYL_4_0,Monocryl 4-0,suture,SUT-698312,05002970213556,box,LOC-STOCK-03,Day Surgery Store,B222692,,2027-01-04,clear,sterile,43,4,55.68,2026-06-21T00:00:00+00:00,ERP Materials Management
LOT-SUTU-MONOCRYL_5_0-01,INV-SUTU-MONOCRYL_5_0,Monocryl 5-0,suture,SUT-365867,05092755719285,box,LOC-STOCK-05,Vendor Loan Kit Holding Bay,B607122,,2027-07-08,clear,sterile,54,1,45.02,2026-06-24T00:00:00+00:00,ERP Materials Management
LOT-SUTU-MONOCRYL_5_0-02,INV-SUTU-MONOCRYL_5_0,Monocryl 5-0,suture,SUT-365867,05092755719285,box,LOC-STOCK-04,Trauma Emergency Cupboard,B221916,,2026-10-06,clear,sterile,9,2,8.11,2026-06-18T00:00:00+00:00,Manual Theatre Stocktake
LOT-SUTU-MONOCRYL_5_0-03,INV-SUTU-MONOCRYL_5_0,Monocryl 5-0,suture,SUT-365867,05092755719285,box,LOC-STOCK-04,Trauma Emergency Cupboard,B470248,,2027-07-08,clear,sterile,46,4,33.16,2026-06-30T00:00:00+00:00,Manual Theatre Stocktake
LOT-SUTU-NYLON_3_0-01,INV-SUTU-NYLON_3_0,Nylon 3-0,suture,SUT-566420,05043102786814,box,LOC-STOCK-01,Main Theatre Sterile Store,B681489,,2026-06-18,clear,sterile,49,1,30.0,2026-06-27T00:00:00+00:00,Manual Theatre Stocktake
LOT-SUTU-NYLON_3_0-02,INV-SUTU-NYLON_3_0,Nylon 3-0,suture,SUT-566420,05043102786814,box,LOC-STOCK-04,Trauma Emergency Cupboard,B872918,,2027-01-04,clear,sterile,30,1,17.07,2026-07-01T00:00:00+00:00,ScanTrack Theatre Inventory
LOT-SUTU-NYLON_3_0-03,INV-SUTU-NYLON_3_0,Nylon 3-0,suture,SUT-566420,05043102786814,box,LOC-STOCK-05,Vendor Loan Kit Holding Bay,B473321,,2026-07-15,clear,sterile,37,1,46.17,2026-07-05T00:00:00+00:00,Manual Theatre Stocktake
LOT-SUTU-NYLON_4_0-01,INV-SUTU-NYLON_4_0,Nylon 4-0,suture,SUT-765664,05039473121727,box,LOC-STOCK-01,Main Theatre Sterile Store,B989203,,2027-01-04,clear,sterile,75,3,24.36,2026-06-28T00:00:00+00:00,ScanTrack Theatre Inventory
LOT-SUTU-NYLON_4_0-02,INV-SUTU-NYLON_4_0,Nylon 4-0,suture,SUT-765664,05039473121727,box,LOC-STOCK-02,Orthopaedic Implant Store,B901387,,2027-01-04,clear,sterile,68,4,19.49,2026-07-01T00:00:00+00:00,ERP Materials Management
LOT-SUTU-NYLON_4_0-03,INV-SUTU-NYLON_4_0,Nylon 4-0,suture,SUT-765664,05039473121727,box,LOC-STOCK-04,Trauma Emergency Cupboard,B667036,,2026-07-15,clear,sterile,60,0,31.38,2026-06-26T00:00:00+00:00,ERP Materials Management
LOT-SUTU-NYLON_4_0-04,INV-SUTU-NYLON_4_0,Nylon 4-0,suture,SUT-765664,05039473121727,box,LOC-STOCK-05,Vendor Loan Kit Holding Bay,B582418,,2028-06-27,clear,sterile,21,2,41.37,2026-07-08T00:00:00+00:00,ERP Materials Management
LOT-SUTU-PDS_II_0-01,INV-SUTU-PDS_II_0,PDS II 0,suture,SUT-820698,05055188442258,box,LOC-STOCK-03,Day Surgery Store,B742544,,2026-10-06,clear,sterile,47,2,14.51,2026-06-30T00:00:00+00:00,Manual Theatre Stocktake
LOT-SUTU-PDS_II_0-02,INV-SUTU-PDS_II_0,PDS II 0,suture,SUT-820698,05055188442258,box,LOC-STOCK-03,Day Surgery Store,B483699,,2026-08-07,clear,sterile,84,1,31.18,2026-07-02T00:00:00+00:00,ScanTrack Theatre Inventory
LOT-SUTU-PDS_II_1-01,INV-SUTU-PDS_II_1,PDS II 1,suture,SUT-456828,05013237058957,box,LOC-STOCK-04,Trauma Emergency Cupboard,B288627,,2026-08-07,clear,sterile,41,4,11.52,2026-06-20T00:00:00+00:00,ERP Materials Management
LOT-SUTU-PDS_II_1-02,INV-SUTU-PDS_II_1,PDS II 1,suture,SUT-456828,05013237058957,box,LOC-STOCK-02,Orthopaedic Implant Store,B682316,,2026-07-15,clear,sterile,40,3,50.31,2026-07-02T00:00:00+00:00,Manual Theatre Stocktake
LOT-SUTU-PDS_II_1-03,INV-SUTU-PDS_II_1,PDS II 1,suture,SUT-456828,05013237058957,box,LOC-STOCK-04,Trauma Emergency Cupboard,B944804,,2028-06-27,supplier_notice,sterile,25,0,13.95,2026-06-23T00:00:00+00:00,Manual Theatre Stocktake
LOT-SUTU-PDS_II_2_0-01,INV-SUTU-PDS_II_2_0,PDS II 2-0,suture,SUT-498087,05091146786691,box,LOC-STOCK-05,Vendor Loan Kit Holding Bay,B695417,,2028-06-27,clear,sterile,38,0,25.81,2026-07-03T00:00:00+00:00,Manual Theatre Stocktake
LOT-SUTU-PDS_II_2_0-02,INV-SUTU-PDS_II_2_0,PDS II 2-0,suture,SUT-498087,05091146786691,box,LOC-STOCK-01,Main Theatre Sterile Store,B571706,,2026-07-15,clear,sterile,66,5,22.4,2026-06-27T00:00:00+00:00,ScanTrack Theatre Inventory
LOT-SUTU-PDS_II_2_0-03,INV-SUTU-PDS_II_2_0,PDS II 2-0,suture,SUT-498087,05091146786691,box,LOC-STOCK-03,Day Surgery Store,B120798,,2027-01-04,clear,sterile,38,3,10.99,2026-06-17T00:00:00+00:00,ERP Materials Management
LOT-SUTU-PROLENE_3_0-01,INV-SUTU-PROLENE_3_0,Prolene 3-0,suture,SUT-582540,05051778528922,box,LOC-STOCK-02,Orthopaedic Implant Store,B918213,,2027-01-04,clear,sterile,74,2,23.5,2026-06-17T00:00:00+00:00,ERP Materials Management
LOT-SUTU-PROLENE_3_0-02,INV-SUTU-PROLENE_3_0,Prolene 3-0,suture,SUT-582540,05051778528922,box,LOC-STOCK-01,Main Theatre Sterile Store,B499581,,2026-10-06,clear,sterile,63,4,19.83,2026-06-18T00:00:00+00:00,Manual Theatre Stocktake
LOT-SUTU-PROLENE_4_0-01,INV-SUTU-PROLENE_4_0,Prolene 4-0,suture,SUT-425320,05018242253584,box,LOC-STOCK-04,Trauma Emergency Cupboard,B761938,,2027-07-08,clear,sterile,49,4,35.08,2026-07-06T00:00:00+00:00,Manual Theatre Stocktake
LOT-SUTU-PROLENE_4_0-02,INV-SUTU-PROLENE_4_0,Prolene 4-0,suture,SUT-425320,05018242253584,box,LOC-STOCK-03,Day Surgery Store,B784733,,2026-07-15,clear,sterile,46,2,42.51,2026-06-19T00:00:00+00:00,ERP Materials Management
LOT-SUTU-SUTURETAPE_1_3MM-01,INV-SUTU-SUTURETAPE_1_3MM,SutureTape 1.3mm,suture,SUT-166801,05043842498182,box,LOC-STOCK-05,Vendor Loan Kit Holding Bay,B646240,,2026-08-07,clear,sterile,52,3,26.65,2026-07-03T00:00:00+00:00,Manual Theatre Stocktake
LOT-SUTU-SUTURETAPE_1_3MM-02,INV-SUTU-SUTURETAPE_1_3MM,SutureTape 1.3mm,suture,SUT-166801,05043842498182,box,LOC-STOCK-01,Main Theatre Sterile Store,B320800,,2026-07-15,clear,sterile,38,1,25.74,2026-07-05T00:00:00+00:00,Manual Theatre Stocktake
LOT-SUTU-SUTURETAPE_1_3MM-03,INV-SUTU-SUTURETAPE_1_3MM,SutureTape 1.3mm,suture,SUT-166801,05043842498182,box,LOC-STOCK-04,Trauma Emergency Cupboard,B649435,,2026-10-06,clear,sterile,9,0,10.06,2026-06-19T00:00:00+00:00,Manual Theatre Stocktake
LOT-SUTU-SUTURETAPE_1_3MM-04,INV-SUTU-SUTURETAPE_1_3MM,SutureTape 1.3mm,suture,SUT-166801,05043842498182,box,LOC-STOCK-03,Day Surgery Store,B340497,,2026-06-18,clear,sterile,55,1,43.96,2026-06-24T00:00:00+00:00,ERP Materials Management
LOT-SUTU-TI_CRON_2-01,INV-SUTU-TI_CRON_2,Ti-Cron #2,suture,SUT-633543,05029959001094,box,LOC-STOCK-01,Main Theatre Sterile Store,B136862,,2026-07-15,clear,sterile,27,5,23.59,2026-06-28T00:00:00+00:00,ScanTrack Theatre Inventory
LOT-SUTU-TI_CRON_2-02,INV-SUTU-TI_CRON_2,Ti-Cron #2,suture,SUT-633543,05029959001094,box,LOC-STOCK-03,Day Surgery Store,B675191,,2026-10-06,supplier_notice,sterile,75,3,11.73,2026-06-21T00:00:00+00:00,Manual Theatre Stocktake
LOT-SUTU-TIGERWIRE_2-01,INV-SUTU-TIGERWIRE_2,TigerWire #2,suture,SUT-576020,05096907844736,box,LOC-STOCK-04,Trauma Emergency Cupboard,B648887,,2027-07-08,clear,sterile,78,5,38.71,2026-06-29T00:00:00+00:00,ScanTrack Theatre Inventory
LOT-SUTU-TIGERWIRE_2-02,INV-SUTU-TIGERWIRE_2,TigerWire #2,suture,SUT-576020,05096907844736,box,LOC-STOCK-04,Trauma Emergency Cupboard,B422823,,2026-10-06,clear,sterile,17,2,26.55,2026-07-04T00:00:00+00:00,ScanTrack Theatre Inventory
LOT-SUTU-TIGERWIRE_2-03,INV-SUTU-TIGERWIRE_2,TigerWire #2,suture,SUT-576020,05096907844736,box,LOC-STOCK-03,Day Surgery Store,B400692,,2026-06-18,clear,sterile,23,3,33.13,2026-06-23T00:00:00+00:00,ScanTrack Theatre Inventory
LOT-SUTU-TIGERWIRE_2-04,INV-SUTU-TIGERWIRE_2,TigerWire #2,suture,SUT-576020,05096907844736,box,LOC-STOCK-03,Day Surgery Store,B726003,,2026-08-07,clear,sterile,61,1,47.13,2026-06-21T00:00:00+00:00,ScanTrack Theatre Inventory
LOT-SUTU-VICRYL_0-01,INV-SUTU-VICRYL_0,Vicryl 0,suture,SUT-338007,05010276773592,box,LOC-STOCK-04,Trauma Emergency Cupboard,B362035,,2026-10-06,clear,sterile,61,1,42.75,2026-06-18T00:00:00+00:00,ScanTrack Theatre Inventory
LOT-SUTU-VICRYL_0-02,INV-SUTU-VICRYL_0,Vicryl 0,suture,SUT-338007,05010276773592,box,LOC-STOCK-01,Main Theatre Sterile Store,B542750,,2028-06-27,clear,sterile,39,5,17.32,2026-06-19T00:00:00+00:00,ERP Materials Management
LOT-SUTU-VICRYL_1-01,INV-SUTU-VICRYL_1,Vicryl 1,suture,SUT-255326,05056258815371,box,LOC-STOCK-03,Day Surgery Store,B532961,,2026-08-07,clear,sterile,74,1,50.16,2026-07-03T00:00:00+00:00,Manual Theatre Stocktake
LOT-SUTU-VICRYL_1-02,INV-SUTU-VICRYL_1,Vicryl 1,suture,SUT-255326,05056258815371,box,LOC-STOCK-05,Vendor Loan Kit Holding Bay,B574760,,2026-08-07,clear,sterile,64,2,41.98,2026-06-23T00:00:00+00:00,Manual Theatre Stocktake
LOT-SUTU-VICRYL_1-03,INV-SUTU-VICRYL_1,Vicryl 1,suture,SUT-255326,05056258815371,box,LOC-STOCK-05,Vendor Loan Kit Holding Bay,B123205,,2026-08-07,clear,sterile,12,1,56.52,2026-06-29T00:00:00+00:00,ScanTrack Theatre Inventory
LOT-SUTU-VICRYL_2_0-01,INV-SUTU-VICRYL_2_0,Vicryl 2-0,suture,SUT-478642,05032104696325,box,LOC-STOCK-02,Orthopaedic Implant Store,B194578,,2027-07-08,clear,sterile,7,1,5.29,2026-07-02T00:00:00+00:00,ScanTrack Theatre Inventory
LOT-SUTU-VICRYL_2_0-02,INV-SUTU-VICRYL_2_0,Vicryl 2-0,suture,SUT-478642,05032104696325,box,LOC-STOCK-03,Day Surgery Store,B586208,,2026-10-06,clear,sterile,69,5,46.84,2026-06-28T00:00:00+00:00,Manual Theatre Stocktake
LOT-SUTU-VICRYL_3_0-01,INV-SUTU-VICRYL_3_0,Vicryl 3-0,suture,SUT-593837,05027877470168,box,LOC-STOCK-01,Main Theatre Sterile Store,B669578,,2026-06-18,clear,sterile,56,3,14.22,2026-06-30T00:00:00+00:00,ScanTrack Theatre Inventory
LOT-SUTU-VICRYL_3_0-02,INV-SUTU-VICRYL_3_0,Vicryl 3-0,suture,SUT-593837,05027877470168,box,LOC-STOCK-04,Trauma Emergency Cupboard,B908688,,2028-06-27,clear,sterile,37,3,17.72,2026-07-07T00:00:00+00:00,Manual Theatre Stocktake
LOT-DRES-ADAPTIC-01,INV-DRES-ADAPTIC,Adaptic,dressing,DRE-897387,05039500479748,each,LOC-STOCK-02,Orthopaedic Implant Store,B595793,,2027-07-08,clear,sterile,72,3,29.1,2026-06-29T00:00:00+00:00,ScanTrack Theatre Inventory
LOT-DRES-ADAPTIC-02,INV-DRES-ADAPTIC,Adaptic,dressing,DRE-897387,05039500479748,each,LOC-STOCK-05,Vendor Loan Kit Holding Bay,B646230,,2026-07-15,clear,sterile,11,0,11.76,2026-06-18T00:00:00+00:00,ScanTrack Theatre Inventory
LOT-DRES-ADAPTIC-03,INV-DRES-ADAPTIC,Adaptic,dressing,DRE-897387,05039500479748,each,LOC-STOCK-02,Orthopaedic Implant Store,B218414,,2026-07-15,clear,sterile,12,1,27.13,2026-06-28T00:00:00+00:00,Manual Theatre Stocktake
LOT-DRES-ADAPTIC-04,INV-DRES-ADAPTIC,Adaptic,dressing,DRE-897387,05039500479748,each,LOC-STOCK-01,Main Theatre Sterile Store,B515035,,2026-07-15,clear,sterile,80,1,1.86,2026-07-07T00:00:00+00:00,ERP Materials Management
LOT-DRES-AQUACEL_AG-01,INV-DRES-AQUACEL_AG,Aquacel Ag,dressing,DRE-388006,05062456506098,each,LOC-STOCK-01,Main Theatre Sterile Store,B360804,,2027-07-08,clear,sterile,53,1,21.75,2026-06-17T00:00:00+00:00,ERP Materials Management
LOT-DRES-AQUACEL_AG-02,INV-DRES-AQUACEL_AG,Aquacel Ag,dressing,DRE-388006,05062456506098,each,LOC-STOCK-01,Main Theatre Sterile Store,B472787,,2026-08-07,clear,sterile,13,5,7.73,2026-06-21T00:00:00+00:00,Manual Theatre Stocktake
LOT-DRES-AQUACEL_AG-03,INV-DRES-AQUACEL_AG,Aquacel Ag,dressing,DRE-388006,05062456506098,each,LOC-STOCK-05,Vendor Loan Kit Holding Bay,B926867,,2026-07-15,clear,sterile,46,5,32.15,2026-06-24T00:00:00+00:00,ERP Materials Management
LOT-DRES-AQUACEL_AG-04,INV-DRES-AQUACEL_AG,Aquacel Ag,dressing,DRE-388006,05062456506098,each,LOC-STOCK-03,Day Surgery Store,B859587,,2026-07-15,clear,sterile,54,1,11.65,2026-07-07T00:00:00+00:00,ScanTrack Theatre Inventory
LOT-DRES-AQUACEL_SURGICAL-01,INV-DRES-AQUACEL_SURGICAL,Aquacel Surgical,dressing,DRE-896013,05016878499121,box,LOC-STOCK-02,Orthopaedic Implant Store,B694229,,2027-01-04,clear,sterile,68,1,23.52,2026-06-28T00:00:00+00:00,ERP Materials Management
LOT-DRES-AQUACEL_SURGICAL-02,INV-DRES-AQUACEL_SURGICAL,Aquacel Surgical,dressing,DRE-896013,05016878499121,box,LOC-STOCK-05,Vendor Loan Kit Holding Bay,B268132,,2026-10-06,clear,sterile,82,0,23.01,2026-06-24T00:00:00+00:00,ScanTrack Theatre Inventory
LOT-DRES-AQUACEL_SURGICAL-03,INV-DRES-AQUACEL_SURGICAL,Aquacel Surgical,dressing,DRE-896013,05016878499121,box,LOC-STOCK-04,Trauma Emergency Cupboard,B100754,,2028-06-27,clear,sterile,52,5,21.99,2026-07-03T00:00:00+00:00,Manual Theatre Stocktake
LOT-DRES-AQUACEL_SURGICAL-04,INV-DRES-AQUACEL_SURGICAL,Aquacel Surgical,dressing,DRE-896013,05016878499121,box,LOC-STOCK-02,Orthopaedic Implant Store,B436272,,2027-01-04,clear,sterile,85,5,4.07,2026-06-21T00:00:00+00:00,ScanTrack Theatre Inventory
LOT-DRES-CREPE_BANDAGE-01,INV-DRES-CREPE_BANDAGE,Crepe Bandage,dressing,DRE-531687,05085239868000,each,LOC-STOCK-02,Orthopaedic Implant Store,B742818,,2027-01-04,clear,sterile,76,2,14.57,2026-06-18T00:00:00+00:00,ScanTrack Theatre Inventory
LOT-DRES-CREPE_BANDAGE-02,INV-DRES-CREPE_BANDAGE,Crepe Bandage,dressing,DRE-531687,05085239868000,each,LOC-STOCK-01,Main Theatre Sterile Store,B975763,,2026-06-18,clear,sterile,14,1,8.73,2026-07-07T00:00:00+00:00,Manual Theatre Stocktake
LOT-DRES-JELONET-01,INV-DRES-JELONET,Jelonet,dressing,DRE-508811,05087298259526,pack,LOC-STOCK-05,Vendor Loan Kit Holding Bay,B772925,,2026-10-06,clear,sterile,10,3,28.15,2026-06-22T00:00:00+00:00,ERP Materials Management
LOT-DRES-MELOLIN-01,INV-DRES-MELOLIN,Melolin,dressing,DRE-910266,05088879470551,box,LOC-STOCK-01,Main Theatre Sterile Store,B113721,,2026-06-18,clear,sterile,83,1,28.06,2026-07-06T00:00:00+00:00,ScanTrack Theatre Inventory
LOT-DRES-MELOLIN-02,INV-DRES-MELOLIN,Melolin,dressing,DRE-910266,05088879470551,box,LOC-STOCK-05,Vendor Loan Kit Holding Bay,B879592,,2028-06-27,clear,sterile,52,3,34.79,2026-07-07T00:00:00+00:00,ERP Materials Management
LOT-DRES-MELOLIN-03,INV-DRES-MELOLIN,Melolin,dressing,DRE-910266,05088879470551,box,LOC-STOCK-03,Day Surgery Store,B181721,,2026-08-07,clear,sterile,15,1,40.4,2026-07-05T00:00:00+00:00,Manual Theatre Stocktake
LOT-DRES-MEPITEL-01,INV-DRES-MEPITEL,Mepitel,dressing,DRE-864355,05097499309728,pack,LOC-STOCK-05,Vendor Loan Kit Holding Bay,B788784,,2027-01-04,clear,sterile,30,1,24.59,2026-07-03T00:00:00+00:00,ERP Materials Management
LOT-DRES-MEPITEL-02,INV-DRES-MEPITEL,Mepitel,dressing,DRE-864355,05097499309728,pack,LOC-STOCK-05,Vendor Loan Kit Holding Bay,B475351,,2027-07-08,clear,sterile,19,5,20.08,2026-06-17T00:00:00+00:00,ScanTrack Theatre Inventory
LOT-DRES-MEPORE-01,INV-DRES-MEPORE,Mepore,dressing,DRE-133664,05030913075626,pack,LOC-STOCK-04,Trauma Emergency Cupboard,B629208,,2026-07-15,clear,sterile,76,2,28.13,2026-06-21T00:00:00+00:00,ERP Materials Management
LOT-DRES-OPSITE_FLEXIFIX-01,INV-DRES-OPSITE_FLEXIFIX,Opsite Flexifix,dressing,DRE-794110,05068970283857,pack,LOC-STOCK-03,Day Surgery Store,B985893,,2026-08-07,clear,sterile,76,2,18.2,2026-06-18T00:00:00+00:00,ScanTrack Theatre Inventory
LOT-DRES-OPSITE_FLEXIFIX-02,INV-DRES-OPSITE_FLEXIFIX,Opsite Flexifix,dressing,DRE-794110,05068970283857,pack,LOC-STOCK-02,Orthopaedic Implant Store,B690500,,2028-06-27,clear,sterile,83,4,10.16,2026-06-21T00:00:00+00:00,ERP Materials Management
LOT-DRES-OPSITE_FLEXIFIX-03,INV-DRES-OPSITE_FLEXIFIX,Opsite Flexifix,dressing,DRE-794110,05068970283857,pack,LOC-STOCK-04,Trauma Emergency Cupboard,B516379,,2026-08-07,clear,sterile,63,0,30.92,2026-06-29T00:00:00+00:00,ERP Materials Management
LOT-DRES-OPSITE_FLEXIFIX-04,INV-DRES-OPSITE_FLEXIFIX,Opsite Flexifix,dressing,DRE-794110,05068970283857,pack,LOC-STOCK-01,Main Theatre Sterile Store,B414922,,2026-06-18,clear,sterile,44,1,10.2,2026-06-28T00:00:00+00:00,Manual Theatre Stocktake
LOT-DRES-OPSITE_POST_OP-01,INV-DRES-OPSITE_POST_OP,Opsite Post-Op,dressing,DRE-764106,05027858549733,box,LOC-STOCK-05,Vendor Loan Kit Holding Bay,B262230,,2027-01-04,clear,sterile,79,0,3.03,2026-06-27T00:00:00+00:00,Manual Theatre Stocktake
LOT-DRES-OPSITE_POST_OP-02,INV-DRES-OPSITE_POST_OP,Opsite Post-Op,dressing,DRE-764106,05027858549733,box,LOC-STOCK-02,Orthopaedic Implant Store,B344312,,2026-07-15,clear,sterile,80,2,34.35,2026-07-06T00:00:00+00:00,ERP Materials Management
LOT-DRES-OPSITE_POST_OP-03,INV-DRES-OPSITE_POST_OP,Opsite Post-Op,dressing,DRE-764106,05027858549733,box,LOC-STOCK-01,Main Theatre Sterile Store,B858729,,2026-10-06,clear,sterile,33,2,33.61,2026-07-03T00:00:00+00:00,ScanTrack Theatre Inventory
LOT-DRES-PRIMAPORE-01,INV-DRES-PRIMAPORE,Primapore,dressing,DRE-920218,05044375758441,pack,LOC-STOCK-05,Vendor Loan Kit Holding Bay,B500080,,2027-01-04,clear,sterile,10,0,33.09,2026-06-28T00:00:00+00:00,ScanTrack Theatre Inventory
LOT-DRES-STERI_STRIPS_12MM-01,INV-DRES-STERI_STRIPS_12MM,Steri-Strips 12mm,dressing,DRE-718184,05052404157473,each,LOC-STOCK-02,Orthopaedic Implant Store,B883997,,2026-10-06,clear,sterile,21,5,35.9,2026-07-08T00:00:00+00:00,ERP Materials Management
LOT-DRES-STERI_STRIPS_12MM-02,INV-DRES-STERI_STRIPS_12MM,Steri-Strips 12mm,dressing,DRE-718184,05052404157473,each,LOC-STOCK-03,Day Surgery Store,B649855,,2028-06-27,clear,sterile,12,0,14.43,2026-06-20T00:00:00+00:00,Manual Theatre Stocktake
LOT-DRES-STERI_STRIPS_12MM-03,INV-DRES-STERI_STRIPS_12MM,Steri-Strips 12mm,dressing,DRE-718184,05052404157473,each,LOC-STOCK-02,Orthopaedic Implant Store,B152973,,2026-08-07,clear,sterile,34,5,31.13,2026-06-26T00:00:00+00:00,ScanTrack Theatre Inventory
LOT-DRES-STERI_STRIPS_12MM-04,INV-DRES-STERI_STRIPS_12MM,Steri-Strips 12mm,dressing,DRE-718184,05052404157473,each,LOC-STOCK-01,Main Theatre Sterile Store,B332873,,2028-06-27,clear,sterile,70,3,13.24,2026-06-26T00:00:00+00:00,Manual Theatre Stocktake
LOT-DRES-STERI_STRIPS_6MM-01,INV-DRES-STERI_STRIPS_6MM,Steri-Strips 6mm,dressing,DRE-546584,05021993308330,each,LOC-STOCK-01,Main Theatre Sterile Store,B674779,,2026-08-07,clear,sterile,79,3,12.13,2026-06-26T00:00:00+00:00,ERP Materials Management
LOT-DRES-STERI_STRIPS_6MM-02,INV-DRES-STERI_STRIPS_6MM,Steri-Strips 6mm,dressing,DRE-546584,05021993308330,each,LOC-STOCK-02,Orthopaedic Implant Store,B604283,,2026-10-06,clear,sterile,22,4,9.52,2026-06-26T00:00:00+00:00,ERP Materials Management
LOT-DRES-TEGADERM_FOAM-01,INV-DRES-TEGADERM_FOAM,Tegaderm Foam,dressing,DRE-550009,05071208267734,box,LOC-STOCK-02,Orthopaedic Implant Store,B354085,,2027-01-04,clear,sterile,73,0,12.28,2026-06-25T00:00:00+00:00,ScanTrack Theatre Inventory
LOT-DRES-TEGADERM_FOAM-02,INV-DRES-TEGADERM_FOAM,Tegaderm Foam,dressing,DRE-550009,05071208267734,box,LOC-STOCK-01,Main Theatre Sterile Store,B804378,,2027-07-08,clear,sterile,17,3,18.65,2026-06-27T00:00:00+00:00,Manual Theatre Stocktake
LOT-DRES-TUBIGRIP_SIZE_B-01,INV-DRES-TUBIGRIP_SIZE_B,Tubigrip Size B,dressing,DRE-731072,05019380262067,each,LOC-STOCK-03,Day Surgery Store,B277477,,2026-08-07,clear,sterile,9,2,26.46,2026-06-24T00:00:00+00:00,ERP Materials Management
LOT-DRES-TUBIGRIP_SIZE_B-02,INV-DRES-TUBIGRIP_SIZE_B,Tubigrip Size B,dressing,DRE-731072,05019380262067,each,LOC-STOCK-02,Orthopaedic Implant Store,B818651,,2026-07-15,clear,sterile,35,2,7.82,2026-07-06T00:00:00+00:00,Manual Theatre Stocktake
LOT-DRES-TUBIGRIP_SIZE_B-03,INV-DRES-TUBIGRIP_SIZE_B,Tubigrip Size B,dressing,DRE-731072,05019380262067,each,LOC-STOCK-02,Orthopaedic Implant Store,B972881,,2027-07-08,clear,sterile,85,2,2.06,2026-07-05T00:00:00+00:00,ScanTrack Theatre Inventory
LOT-DRES-TUBIGRIP_SIZE_C-01,INV-DRES-TUBIGRIP_SIZE_C,Tubigrip Size C,dressing,DRE-581494,05004991547887,each,LOC-STOCK-05,Vendor Loan Kit Holding Bay,B322167,,2026-10-06,clear,sterile,32,1,23.63,2026-06-30T00:00:00+00:00,ERP Materials Management
LOT-DRES-TUBIGRIP_SIZE_C-02,INV-DRES-TUBIGRIP_SIZE_C,Tubigrip Size C,dressing,DRE-581494,05004991547887,each,LOC-STOCK-01,Main Theatre Sterile Store,B494900,,2026-10-06,clear,sterile,24,4,38.19,2026-06-22T00:00:00+00:00,Manual Theatre Stocktake
LOT-DRES-TUBIGRIP_SIZE_C-03,INV-DRES-TUBIGRIP_SIZE_C,Tubigrip Size C,dressing,DRE-581494,05004991547887,each,LOC-STOCK-02,Orthopaedic Implant Store,B927524,,2026-08-07,clear,sterile,42,5,26.53,2026-07-07T00:00:00+00:00,ScanTrack Theatre Inventory
LOT-DRES-TUBIGRIP_SIZE_C-04,INV-DRES-TUBIGRIP_SIZE_C,Tubigrip Size C,dressing,DRE-581494,05004991547887,each,LOC-STOCK-04,Trauma Emergency Cupboard,B792451,,2027-07-08,supplier_notice,sterile,14,2,28.35,2026-06-17T00:00:00+00:00,ScanTrack Theatre Inventory
LOT-DRES-WOOL_AND_CREPE-01,INV-DRES-WOOL_AND_CREPE,Wool and Crepe,dressing,DRE-519514,05031527420549,pack,LOC-STOCK-02,Orthopaedic Implant Store,B499194,,2026-06-18,clear,sterile,55,4,41.05,2026-07-05T00:00:00+00:00,ScanTrack Theatre Inventory
