surgeon_id,surgeon_name,speciality,subspecialty,preferred_retractor_size,preferred_drill_brand,needs_backup_suction,years_of_experience,hospital_affiliation,procedure,instrument,generation_timestamp
5017,Mr Rodriguez,Orthopaedics,Paediatric,Medium,Zimmer Biomet,True,24,Howard-Gordon,Paediatric Femoral Osteotomy,Small Fragment Set,2026-05-04T21:07:18.242404
5118,Mrs Banks,Orthopaedics,Paediatric,Large,Depuy Synthes,False,22,Newman Group,Paediatric Femoral Osteotomy,Synthes Paediatric Plates,2026-05-04T21:07:18.242404
5697,Miss Goodwin,Orthopaedics,Trauma,Large,Smith & Nephew,True,11,Suarez and Sons,DIPJ/PIPJ Fusion,Hand Set,2026-05-04T21:07:18.242404
6739,Mr Lopez,Orthopaedics,Trauma,Large,Depuy Synthes,True,11,Dalton-Carter,Weil Osteotomy,Tornier Humeral Fracture Set,2026-05-04T21:07:18.242404
3020,Mr Smith,Orthopaedics,Trauma,Extra Large,Smith & Nephew,False,15,Maldonado-Rogers,Femoral Nail Removal,Acumed Acutrak Screw Removal Set,2026-05-04T21:07:18.242404
6739,Mr Lopez,Orthopaedics,Trauma,Large,Depuy Synthes,True,11,Dalton-Carter,Tibial Plateau Fracture Fixation,Hand Set Extras,2026-05-04T21:07:18.242404
7585,Mr King,Orthopaedics,Joints,Large,Zimmer Biomet,True,25,Shields-Hall,Uncemented Hip Replacement,Arthrex Arthroscopy Set,2026-05-04T21:07:18.242404
7585,Mr King,Orthopaedics,Joints,Large,Zimmer Biomet,True,25,Shields-Hall,Uncemented Hip Replacement,Stryker System 6 Retractors,2026-05-04T21:07:18.242404
9418,Mr Bowers,Orthopaedics,Foot and Ankle,Medium,Medtronic,False,24,Alexander-Ellis,Hallux Valgus Correction,Hallux Valgus Set,2026-05-04T21:07:18.242404
8607,Ms Wood,Orthopaedics,Trauma,Extra Large,Stryker,True,5,"Bryant, Payne and Fowler",TMTJ Fusion,AO Synthes Chisel Set,2026-05-04T21:07:18.242404
4360,Miss Maynard,Orthopaedics,Foot and Ankle,Large,Stryker,True,20,"Davis, Jackson and Rodriguez",Lateral Ligament Reconstruction,Lateral Ligament Reconstruction Set,2026-05-04T21:07:18.242404
5152,Mr Andrade,Orthopaedics,Joints,Extra Large,Stryker,True,11,Price Inc,Bipolar Hemiarthroplasty,Arthrex Arthroscopy Set,2026-05-04T21:07:18.242404
4360,Miss Maynard,Orthopaedics,Foot and Ankle,Large,Stryker,True,20,"Davis, Jackson and Rodriguez",Triple Arthrodesis,Achilles Tendon Repair Kit,2026-05-04T21:07:18.242404
7655,Ms Nielsen,Orthopaedics,Paediatric,Large,Arthrex V300,True,13,Miller-Ellis,Blount’s Disease Correction,Small Fragment Set,2026-05-04T21:07:18.242404
6739,Mr Lopez,Orthopaedics,Trauma,Large,Depuy Synthes,True,11,Dalton-Carter,Tibial Plateau Fracture Fixation,Synthes Distal Radius Plate Set,2026-05-04T21:07:18.242404
9374,Miss Gutierrez,Orthopaedics,Trauma,Medium,Arthrex V300,True,7,French and Sons,Distal Radius ORIF,Synthes Distal Radius Plate Set,2026-05-04T21:07:18.242404
6857,Miss Schneider,Orthopaedics,Foot and Ankle,Large,Medtronic,True,24,"Jones, Valentine and Brown",Lateral Ligament Reconstruction,Small Bone Fixation Set,2026-05-04T21:07:18.242404
8086,Mrs Ali,Orthopaedics,Foot and Ankle,Extra Large,Zimmer Biomet,False,24,Martinez-Brown,Achilles Tendon Repair,Stryker Ankle Fusion Set,2026-05-04T21:07:18.242404
3020,Mr Smith,Orthopaedics,Trauma,Extra Large,Smith & Nephew,False,15,Maldonado-Rogers,Weil Osteotomy,Conmed Small Joint Set,2026-05-04T21:07:18.242404
3020,Mr Smith,Orthopaedics,Trauma,Extra Large,Smith & Nephew,False,15,Maldonado-Rogers,Removal of Metalwork from Foot,Smith & Nephew Small Fragment Set,2026-05-04T21:07:18.242404
4360,Miss Maynard,Orthopaedics,Foot and Ankle,Large,Stryker,True,20,"Davis, Jackson and Rodriguez",Achilles Tendon Repair,Stryker Ankle Fusion Set,2026-05-04T21:07:18.242404
5152,Mr Andrade,Orthopaedics,Joints,Extra Large,Stryker,True,11,Price Inc,Reverse Total Shoulder Replacement,J&J PFC Knee Retractors,2026-05-04T21:07:18.242404
5118,Mrs Banks,Orthopaedics,Paediatric,Large,Depuy Synthes,False,22,Newman Group,Paediatric Fracture Fixation,Paediatric Drills,2026-05-04T21:07:18.242404
7186,Ms Scott,Orthopaedics,Joints,Small,Smith & Nephew,True,23,Peterson-Marsh,Anatomical Shoulder Replacement,DePuy Synthes Hip Kit,2026-05-04T21:07:18.242404
9072,Mrs Price,Orthopaedics,Joints,Small,Smith & Nephew,False,25,Anderson-Delgado,Unicompartmental Knee Replacement,Large Orthopaedic Set,2026-05-04T21:07:18.242404
8086,Mrs Ali,Orthopaedics,Foot and Ankle,Extra Large,Zimmer Biomet,False,24,Martinez-Brown,Achilles Tendon Repair,Lateral Ligament Reconstruction Set,2026-05-04T21:07:18.242404
5697,Miss Goodwin,Orthopaedics,Trauma,Large,Smith & Nephew,True,11,Suarez and Sons,Weil Osteotomy,Mr. Mask Foot Instruments,2026-05-04T21:07:18.242404
5017,Mr Rodriguez,Orthopaedics,Paediatric,Medium,Zimmer Biomet,True,24,Howard-Gordon,Paediatric Femoral Osteotomy,Paediatric Orthopaedic Set,2026-05-04T21:07:18.242404
5017,Mr Rodriguez,Orthopaedics,Paediatric,Medium,Zimmer Biomet,True,24,Howard-Gordon,Blount’s Disease Correction,Titanium Elastic Nails,2026-05-04T21:07:18.242404
7709,Miss Lambert,Orthopaedics,Spine,Extra Large,Medtronic,False,25,Lopez-Carter,Spinal Microdiscectomy,Globus Medical Spine Set,2026-05-04T21:07:18.242404
5434,Mrs Solis,Orthopaedics,Spine,Large,Depuy Synthes,False,18,"Edwards, Bishop and Bullock",Cervical Spinal Fusion,Medtronic CD Horizon Set,2026-05-04T21:07:18.242404
7585,Mr King,Orthopaedics,Joints,Large,Zimmer Biomet,True,25,Shields-Hall,Anatomical Shoulder Replacement,Arthrex Arthroscopy Set,2026-05-04T21:07:18.242404
1154,Ms Mcdaniel,Orthopaedics,Paediatric,Small,Depuy Synthes,False,26,Cortez-Watson,Blount’s Disease Correction,Paediatric Drills,2026-05-04T21:07:18.242404
3020,Mr Smith,Orthopaedics,Trauma,Extra Large,Smith & Nephew,False,15,Maldonado-Rogers,Ankle ORIF,Smith & Nephew Small Fragment Set,2026-05-04T21:07:18.242404
5697,Miss Goodwin,Orthopaedics,Trauma,Large,Smith & Nephew,True,11,Suarez and Sons,Removal of Metalwork from Foot,Acumed Acutrak Screw Removal Set,2026-05-04T21:07:18.242404
6739,Mr Lopez,Orthopaedics,Trauma,Large,Depuy Synthes,True,11,Dalton-Carter,Femoral Nail Removal,Tornier Humeral Fracture Set,2026-05-04T21:07:18.242404
9418,Mr Bowers,Orthopaedics,Foot and Ankle,Medium,Medtronic,False,24,Alexander-Ellis,Triple Arthrodesis,Achilles Tendon Repair Kit,2026-05-04T21:07:18.242404
8086,Mrs Ali,Orthopaedics,Foot and Ankle,Extra Large,Zimmer Biomet,False,24,Martinez-Brown,Triple Arthrodesis,Lateral Ligament Reconstruction Set,2026-05-04T21:07:18.242404
9072,Mrs Price,Orthopaedics,Joints,Small,Smith & Nephew,False,25,Anderson-Delgado,ACL Reconstruction with LET,Initial Retractors,2026-05-04T21:07:18.242404
1154,Ms Mcdaniel,Orthopaedics,Paediatric,Small,Depuy Synthes,False,26,Cortez-Watson,Paediatric Fracture Fixation,Titanium Elastic Nails,2026-05-04T21:07:18.242404
5697,Miss Goodwin,Orthopaedics,Trauma,Large,Smith & Nephew,True,11,Suarez and Sons,Weil Osteotomy,Tornier Humeral Fracture Set,2026-05-04T21:07:18.242404
6739,Mr Lopez,Orthopaedics,Trauma,Large,Depuy Synthes,True,11,Dalton-Carter,Ankle ORIF,Mola Set,2026-05-04T21:07:18.242404
4840,Mr Sullivan,Orthopaedics,Foot and Ankle,Small,Stryker,True,22,Fowler PLC,Triple Arthrodesis,Achilles Tendon Repair Kit,2026-05-04T21:07:18.242404
4360,Miss Maynard,Orthopaedics,Foot and Ankle,Large,Stryker,True,20,"Davis, Jackson and Rodriguez",Triple Arthrodesis,Achilles Tendon Repair Kit,2026-05-04T21:07:18.242404
4840,Mr Sullivan,Orthopaedics,Foot and Ankle,Small,Stryker,True,22,Fowler PLC,Achilles Tendon Repair,Hallux Valgus Set,2026-05-04T21:07:18.242404
9374,Miss Gutierrez,Orthopaedics,Trauma,Medium,Arthrex V300,True,7,French and Sons,TMTJ Fusion,Tornier Humeral Fracture Set,2026-05-04T21:07:18.242404
1154,Ms Mcdaniel,Orthopaedics,Paediatric,Small,Depuy Synthes,False,26,Cortez-Watson,Clubfoot Correction,Micro Screws Set,2026-05-04T21:07:18.242404
8607,Ms Wood,Orthopaedics,Trauma,Extra Large,Stryker,True,5,"Bryant, Payne and Fowler",Removal of Metalwork from Foot,Conmed Small Joint Set,2026-05-04T21:07:18.242404
7709,Miss Lambert,Orthopaedics,Spine,Extra Large,Medtronic,False,25,Lopez-Carter,Anterior Cervical Discectomy,SI Bone Fuse Set,2026-05-04T21:07:18.242404
6739,Mr Lopez,Orthopaedics,Trauma,Large,Depuy Synthes,True,11,Dalton-Carter,Weil Osteotomy,Mr. Mask Foot Instruments,2026-05-04T21:07:18.242404
7186,Ms Scott,Orthopaedics,Joints,Small,Smith & Nephew,True,23,Peterson-Marsh,Uncemented Hip Replacement,J&J PFC Knee Retractors,2026-05-04T21:07:18.242404
9418,Mr Bowers,Orthopaedics,Foot and Ankle,Medium,Medtronic,False,24,Alexander-Ellis,Achilles Tendon Repair,Lateral Ligament Reconstruction Set,2026-05-04T21:07:18.242404
5697,Miss Goodwin,Orthopaedics,Trauma,Large,Smith & Nephew,True,11,Suarez and Sons,Femoral Nail Removal,Synthes Distal Radius Plate Set,2026-05-04T21:07:18.242404
5697,Miss Goodwin,Orthopaedics,Trauma,Large,Smith & Nephew,True,11,Suarez and Sons,DIPJ/PIPJ Fusion,Tornier Humeral Fracture Set,2026-05-04T21:07:18.242404
6739,Mr Lopez,Orthopaedics,Trauma,Large,Depuy Synthes,True,11,Dalton-Carter,Ankle ORIF,Acumed Acutrak Screw Removal Set,2026-05-04T21:07:18.242404
7655,Ms Nielsen,Orthopaedics,Paediatric,Large,Arthrex V300,True,13,Miller-Ellis,Clubfoot Correction,Synthes Paediatric Plates,2026-05-04T21:07:18.242404
5152,Mr Andrade,Orthopaedics,Joints,Extra Large,Stryker,True,11,Price Inc,Patellofemoral Joint Replacement,Muller Basic Hip Set,2026-05-04T21:07:18.242404
9418,Mr Bowers,Orthopaedics,Foot and Ankle,Medium,Medtronic,False,24,Alexander-Ellis,Lateral Ligament Reconstruction,Achilles Tendon Repair Kit,2026-05-04T21:07:18.242404
5697,Miss Goodwin,Orthopaedics,Trauma,Large,Smith & Nephew,True,11,Suarez and Sons,Ankle ORIF,Tornier Humeral Fracture Set,2026-05-04T21:07:18.242404
5152,Mr Andrade,Orthopaedics,Joints,Extra Large,Stryker,True,11,Price Inc,Patellofemoral Joint Replacement,Conmed Power Tools,2026-05-04T21:07:18.242404
3020,Mr Smith,Orthopaedics,Trauma,Extra Large,Smith & Nephew,False,15,Maldonado-Rogers,Ankle ORIF,Smith & Nephew Small Fragment Set,2026-05-04T21:07:18.242404
5152,Mr Andrade,Orthopaedics,Joints,Extra Large,Stryker,True,11,Price Inc,ACL Reconstruction with LET,Stryker System 6 Retractors,2026-05-04T21:07:18.242404
7709,Miss Lambert,Orthopaedics,Spine,Extra Large,Medtronic,False,25,Lopez-Carter,Arthroscopic Spinal Decompression,SI Bone Fuse Set,2026-05-04T21:07:18.242404
6739,Mr Lopez,Orthopaedics,Trauma,Large,Depuy Synthes,True,11,Dalton-Carter,TMTJ Fusion,Hand Set Extras,2026-05-04T21:07:18.242404
9418,Mr Bowers,Orthopaedics,Foot and Ankle,Medium,Medtronic,False,24,Alexander-Ellis,Hallux Valgus Correction,Lateral Ligament Reconstruction Set,2026-05-04T21:07:18.242404
8607,Ms Wood,Orthopaedics,Trauma,Extra Large,Stryker,True,5,"Bryant, Payne and Fowler",DIPJ/PIPJ Fusion,Mr. Mask Foot Instruments,2026-05-04T21:07:18.242404
7655,Ms Nielsen,Orthopaedics,Paediatric,Large,Arthrex V300,True,13,Miller-Ellis,Clubfoot Correction,Synthes Paediatric Plates,2026-05-04T21:07:18.242404
7186,Ms Scott,Orthopaedics,Joints,Small,Smith & Nephew,True,23,Peterson-Marsh,Uncemented Hip Replacement,Norfolk and Norwich Retractors,2026-05-04T21:07:18.242404
7655,Ms Nielsen,Orthopaedics,Paediatric,Large,Arthrex V300,True,13,Miller-Ellis,Clubfoot Correction,Titanium Elastic Nails,2026-05-04T21:07:18.242404
9072,Mrs Price,Orthopaedics,Joints,Small,Smith & Nephew,False,25,Anderson-Delgado,Reverse Total Shoulder Replacement,Norfolk and Norwich Retractors,2026-05-04T21:07:18.242404
9418,Mr Bowers,Orthopaedics,Foot and Ankle,Medium,Medtronic,False,24,Alexander-Ellis,Hallux Valgus Correction,DePuy Synthes Foot Plates,2026-05-04T21:07:18.242404
3020,Mr Smith,Orthopaedics,Trauma,Extra Large,Smith & Nephew,False,15,Maldonado-Rogers,TMTJ Fusion,Synthes Distal Radius Plate Set,2026-05-04T21:07:18.242404
6857,Miss Schneider,Orthopaedics,Foot and Ankle,Large,Medtronic,True,24,"Jones, Valentine and Brown",Lateral Ligament Reconstruction,Achilles Tendon Repair Kit,2026-05-04T21:07:18.242404
7709,Miss Lambert,Orthopaedics,Spine,Extra Large,Medtronic,False,25,Lopez-Carter,Spinal Microdiscectomy,Medtronic CD Horizon Set,2026-05-04T21:07:18.242404
5434,Mrs Solis,Orthopaedics,Spine,Large,Depuy Synthes,False,18,"Edwards, Bishop and Bullock",Cervical Spinal Fusion,Globus Medical Spine Set,2026-05-04T21:07:18.242404
5152,Mr Andrade,Orthopaedics,Joints,Extra Large,Stryker,True,11,Price Inc,Total Knee Replacement,Muller Basic Hip Set,2026-05-04T21:07:18.242404
4360,Miss Maynard,Orthopaedics,Foot and Ankle,Large,Stryker,True,20,"Davis, Jackson and Rodriguez",Lateral Ligament Reconstruction,DePuy Synthes Foot Plates,2026-05-04T21:07:18.242404
9374,Miss Gutierrez,Orthopaedics,Trauma,Medium,Arthrex V300,True,7,French and Sons,MTPJ Fusion,Acumed Acutrak Screw Removal Set,2026-05-04T21:07:18.242404
9374,Miss Gutierrez,Orthopaedics,Trauma,Medium,Arthrex V300,True,7,French and Sons,Removal of Metalwork from Foot,Hand Set,2026-05-04T21:07:18.242404
5697,Miss Goodwin,Orthopaedics,Trauma,Large,Smith & Nephew,True,11,Suarez and Sons,Tibial Plateau Fracture Fixation,Mola Set,2026-05-04T21:07:18.242404
1154,Ms Mcdaniel,Orthopaedics,Paediatric,Small,Depuy Synthes,False,26,Cortez-Watson,Paediatric Femoral Osteotomy,Synthes Paediatric Plates,2026-05-04T21:07:18.242404
7709,Miss Lambert,Orthopaedics,Spine,Extra Large,Medtronic,False,25,Lopez-Carter,Lumbar Spinal Fusion,Conmed Power Tools,2026-05-04T21:07:18.242404
5152,Mr Andrade,Orthopaedics,Joints,Extra Large,Stryker,True,11,Price Inc,Unicompartmental Knee Replacement,Conmed Power Tools,2026-05-04T21:07:18.242404
9072,Mrs Price,Orthopaedics,Joints,Small,Smith & Nephew,False,25,Anderson-Delgado,Patellofemoral Joint Replacement,Muller Basic Hip Set,2026-05-04T21:07:18.242404
6857,Miss Schneider,Orthopaedics,Foot and Ankle,Large,Medtronic,True,24,"Jones, Valentine and Brown",Triple Arthrodesis,Small Bone Fixation Set,2026-05-04T21:07:18.242404
5434,Mrs Solis,Orthopaedics,Spine,Large,Depuy Synthes,False,18,"Edwards, Bishop and Bullock",Kyphoplasty,Spinal Instrumentation Set,2026-05-04T21:07:18.242404
7186,Ms Scott,Orthopaedics,Joints,Small,Smith & Nephew,True,23,Peterson-Marsh,Bipolar Hemiarthroplasty,Initial Retractors,2026-05-04T21:07:18.242404
5017,Mr Rodriguez,Orthopaedics,Paediatric,Medium,Zimmer Biomet,True,24,Howard-Gordon,Paediatric Femoral Osteotomy,Micro Screws Set,2026-05-04T21:07:18.242404
8607,Ms Wood,Orthopaedics,Trauma,Extra Large,Stryker,True,5,"Bryant, Payne and Fowler",TMTJ Fusion,Hand Set Extras,2026-05-04T21:07:18.242404
5152,Mr Andrade,Orthopaedics,Joints,Extra Large,Stryker,True,11,Price Inc,Total Knee Replacement,DePuy Synthes Hip Kit,2026-05-04T21:07:18.242404
8086,Mrs Ali,Orthopaedics,Foot and Ankle,Extra Large,Zimmer Biomet,False,24,Martinez-Brown,Lateral Ligament Reconstruction,Foot and Ankle Arthrodesis Set,2026-05-04T21:07:18.242404
4360,Miss Maynard,Orthopaedics,Foot and Ankle,Large,Stryker,True,20,"Davis, Jackson and Rodriguez",Achilles Tendon Repair,Hallux Valgus Set,2026-05-04T21:07:18.242404
5697,Miss Goodwin,Orthopaedics,Trauma,Large,Smith & Nephew,True,11,Suarez and Sons,MTPJ Fusion,Synthes Distal Radius Plate Set,2026-05-04T21:07:18.242404
7585,Mr King,Orthopaedics,Joints,Large,Zimmer Biomet,True,25,Shields-Hall,Unicompartmental Knee Replacement,Stryker System 6 Retractors,2026-05-04T21:07:18.242404
5152,Mr Andrade,Orthopaedics,Joints,Extra Large,Stryker,True,11,Price Inc,Total Knee Replacement,DePuy Synthes Hip Kit,2026-05-04T21:07:18.242404
5434,Mrs Solis,Orthopaedics,Spine,Large,Depuy Synthes,False,18,"Edwards, Bishop and Bullock",Kyphoplasty,Medtronic CD Horizon Set,2026-05-04T21:07:18.242404
8607,Ms Wood,Orthopaedics,Trauma,Extra Large,Stryker,True,5,"Bryant, Payne and Fowler",TMTJ Fusion,Acumed Acutrak Screw Removal Set,2026-05-04T21:07:18.242404
8607,Ms Wood,Orthopaedics,Trauma,Extra Large,Stryker,True,5,"Bryant, Payne and Fowler",DIPJ/PIPJ Fusion,Smith & Nephew Small Fragment Set,2026-05-04T21:07:18.242404
5152,Mr Andrade,Orthopaedics,Joints,Extra Large,Stryker,True,11,Price Inc,Anatomical Shoulder Replacement,Large Orthopaedic Set,2026-05-04T21:07:18.242404
7186,Ms Scott,Orthopaedics,Joints,Small,Smith & Nephew,True,23,Peterson-Marsh,Uncemented Hip Replacement,DePuy Synthes Hip Kit,2026-05-04T21:07:18.242404
9374,Miss Gutierrez,Orthopaedics,Trauma,Medium,Arthrex V300,True,7,French and Sons,Tibial Plateau Fracture Fixation,Mr. Mask Foot Instruments,2026-05-04T21:07:18.242404
8086,Mrs Ali,Orthopaedics,Foot and Ankle,Extra Large,Zimmer Biomet,False,24,Martinez-Brown,Triple Arthrodesis,Hallux Valgus Set,2026-05-04T21:07:18.242404
3020,Mr Smith,Orthopaedics,Trauma,Extra Large,Smith & Nephew,False,15,Maldonado-Rogers,Femoral Nail Removal,AO Synthes Chisel Set,2026-05-04T21:07:18.242404
9072,Mrs Price,Orthopaedics,Joints,Small,Smith & Nephew,False,25,Anderson-Delgado,Total Knee Replacement,Arthrex Arthroscopy Set,2026-05-04T21:07:18.242404
7585,Mr King,Orthopaedics,Joints,Large,Zimmer Biomet,True,25,Shields-Hall,ACL Reconstruction with LET,Stryker System 6 Retractors,2026-05-04T21:07:18.242404
6857,Miss Schneider,Orthopaedics,Foot and Ankle,Large,Medtronic,True,24,"Jones, Valentine and Brown",Triple Arthrodesis,Lateral Ligament Reconstruction Set,2026-05-04T21:07:18.242404
7655,Ms Nielsen,Orthopaedics,Paediatric,Large,Arthrex V300,True,13,Miller-Ellis,Blount’s Disease Correction,Paediatric Drills,2026-05-04T21:07:18.242404
6857,Miss Schneider,Orthopaedics,Foot and Ankle,Large,Medtronic,True,24,"Jones, Valentine and Brown",Triple Arthrodesis,Achilles Tendon Repair Kit,2026-05-04T21:07:18.242404
7709,Miss Lambert,Orthopaedics,Spine,Extra Large,Medtronic,False,25,Lopez-Carter,Arthroscopic Spinal Decompression,Nuvasive Spine Set,2026-05-04T21:07:18.242404
7709,Miss Lambert,Orthopaedics,Spine,Extra Large,Medtronic,False,25,Lopez-Carter,Lumbar Spinal Fusion,McCulloch Lumbar Retractor Set,2026-05-04T21:07:18.242404
5697,Miss Goodwin,Orthopaedics,Trauma,Large,Smith & Nephew,True,11,Suarez and Sons,Distal Radius ORIF,Synthes Distal Radius Plate Set,2026-05-04T21:07:18.242404
9418,Mr Bowers,Orthopaedics,Foot and Ankle,Medium,Medtronic,False,24,Alexander-Ellis,Lateral Ligament Reconstruction,Hallux Valgus Set,2026-05-04T21:07:18.242404
7585,Mr King,Orthopaedics,Joints,Large,Zimmer Biomet,True,25,Shields-Hall,Reverse Total Shoulder Replacement,Large Orthopaedic Set,2026-05-04T21:07:18.242404
8607,Ms Wood,Orthopaedics,Trauma,Extra Large,Stryker,True,5,"Bryant, Payne and Fowler",Removal of Metalwork from Foot,Acumed Acutrak Screw Removal Set,2026-05-04T21:07:18.242404
5697,Miss Goodwin,Orthopaedics,Trauma,Large,Smith & Nephew,True,11,Suarez and Sons,Femoral Nail Removal,Mr. Mask Foot Instruments,2026-05-04T21:07:18.242404
6739,Mr Lopez,Orthopaedics,Trauma,Large,Depuy Synthes,True,11,Dalton-Carter,Weil Osteotomy,Hand Set,2026-05-04T21:07:18.242404
7186,Ms Scott,Orthopaedics,Joints,Small,Smith & Nephew,True,23,Peterson-Marsh,Uncemented Hip Replacement,Zimmer Biomet Retractors,2026-05-04T21:07:18.242404
9374,Miss Gutierrez,Orthopaedics,Trauma,Medium,Arthrex V300,True,7,French and Sons,Femoral Nail Removal,Hand Set,2026-05-04T21:07:18.242404
3020,Mr Smith,Orthopaedics,Trauma,Extra Large,Smith & Nephew,False,15,Maldonado-Rogers,DIPJ/PIPJ Fusion,Conmed Small Joint Set,2026-05-04T21:07:18.242404
5118,Mrs Banks,Orthopaedics,Paediatric,Large,Depuy Synthes,False,22,Newman Group,Clubfoot Correction,Synthes Paediatric Plates,2026-05-04T21:07:18.242404
5434,Mrs Solis,Orthopaedics,Spine,Large,Depuy Synthes,False,18,"Edwards, Bishop and Bullock",Spinal Decompression,Medtronic CD Horizon Set,2026-05-04T21:07:18.242404
9418,Mr Bowers,Orthopaedics,Foot and Ankle,Medium,Medtronic,False,24,Alexander-Ellis,Hallux Valgus Correction,Achilles Tendon Repair Kit,2026-05-04T21:07:18.242404
9418,Mr Bowers,Orthopaedics,Foot and Ankle,Medium,Medtronic,False,24,Alexander-Ellis,Achilles Tendon Repair,Hallux Valgus Set,2026-05-04T21:07:18.242404
7585,Mr King,Orthopaedics,Joints,Large,Zimmer Biomet,True,25,Shields-Hall,Patellofemoral Joint Replacement,Large Orthopaedic Set,2026-05-04T21:07:18.242404
7186,Ms Scott,Orthopaedics,Joints,Small,Smith & Nephew,True,23,Peterson-Marsh,Unicompartmental Knee Replacement,Large Orthopaedic Set,2026-05-04T21:07:18.242404
7585,Mr King,Orthopaedics,Joints,Large,Zimmer Biomet,True,25,Shields-Hall,Total Knee Replacement,Norfolk and Norwich Retractors,2026-05-04T21:07:18.242404
7585,Mr King,Orthopaedics,Joints,Large,Zimmer Biomet,True,25,Shields-Hall,Unicompartmental Knee Replacement,Muller Basic Hip Set,2026-05-04T21:07:18.242404
6857,Miss Schneider,Orthopaedics,Foot and Ankle,Large,Medtronic,True,24,"Jones, Valentine and Brown",Triple Arthrodesis,Small Bone Fixation Set,2026-05-04T21:07:18.242404
5152,Mr Andrade,Orthopaedics,Joints,Extra Large,Stryker,True,11,Price Inc,Bipolar Hemiarthroplasty,J&J PFC Knee Retractors,2026-05-04T21:07:18.242404
8607,Ms Wood,Orthopaedics,Trauma,Extra Large,Stryker,True,5,"Bryant, Payne and Fowler",TMTJ Fusion,Hand Set,2026-05-04T21:07:18.242404
9374,Miss Gutierrez,Orthopaedics,Trauma,Medium,Arthrex V300,True,7,French and Sons,MTPJ Fusion,Hand Set,2026-05-04T21:07:18.242404
4360,Miss Maynard,Orthopaedics,Foot and Ankle,Large,Stryker,True,20,"Davis, Jackson and Rodriguez",Triple Arthrodesis,Lateral Ligament Reconstruction Set,2026-05-04T21:07:18.242404
6739,Mr Lopez,Orthopaedics,Trauma,Large,Depuy Synthes,True,11,Dalton-Carter,Distal Radius ORIF,Mr. Mask Foot Instruments,2026-05-04T21:07:18.242404
7186,Ms Scott,Orthopaedics,Joints,Small,Smith & Nephew,True,23,Peterson-Marsh,Total Knee Replacement,Arthrex Arthroscopy Set,2026-05-04T21:07:18.242404
4840,Mr Sullivan,Orthopaedics,Foot and Ankle,Small,Stryker,True,22,Fowler PLC,Lateral Ligament Reconstruction,Small Bone Fixation Set,2026-05-04T21:07:18.242404
9418,Mr Bowers,Orthopaedics,Foot and Ankle,Medium,Medtronic,False,24,Alexander-Ellis,Lateral Ligament Reconstruction,Foot and Ankle Arthrodesis Set,2026-05-04T21:07:18.242404
4840,Mr Sullivan,Orthopaedics,Foot and Ankle,Small,Stryker,True,22,Fowler PLC,Achilles Tendon Repair,Hallux Valgus Set,2026-05-04T21:07:18.242404
8607,Ms Wood,Orthopaedics,Trauma,Extra Large,Stryker,True,5,"Bryant, Payne and Fowler",Distal Radius ORIF,Conmed Small Joint Set,2026-05-04T21:07:18.242404
9072,Mrs Price,Orthopaedics,Joints,Small,Smith & Nephew,False,25,Anderson-Delgado,Total Knee Replacement,Norfolk and Norwich Retractors,2026-05-04T21:07:18.242404
5017,Mr Rodriguez,Orthopaedics,Paediatric,Medium,Zimmer Biomet,True,24,Howard-Gordon,Blount’s Disease Correction,Titanium Elastic Nails,2026-05-04T21:07:18.242404
7655,Ms Nielsen,Orthopaedics,Paediatric,Large,Arthrex V300,True,13,Miller-Ellis,Blount’s Disease Correction,Pfizer Mini Hip Kit,2026-05-04T21:07:18.242404
5017,Mr Rodriguez,Orthopaedics,Paediatric,Medium,Zimmer Biomet,True,24,Howard-Gordon,Paediatric Fracture Fixation,Paediatric Orthopaedic Set,2026-05-04T21:07:18.242404
7186,Ms Scott,Orthopaedics,Joints,Small,Smith & Nephew,True,23,Peterson-Marsh,Unicompartmental Knee Replacement,J&J PFC Knee Retractors,2026-05-04T21:07:18.242404
5697,Miss Goodwin,Orthopaedics,Trauma,Large,Smith & Nephew,True,11,Suarez and Sons,Tibial Plateau Fracture Fixation,AO Synthes Chisel Set,2026-05-04T21:07:18.242404
4840,Mr Sullivan,Orthopaedics,Foot and Ankle,Small,Stryker,True,22,Fowler PLC,Lateral Ligament Reconstruction,DePuy Synthes Foot Plates,2026-05-04T21:07:18.242404
8086,Mrs Ali,Orthopaedics,Foot and Ankle,Extra Large,Zimmer Biomet,False,24,Martinez-Brown,Hallux Valgus Correction,Small Bone Fixation Set,2026-05-04T21:07:18.242404
6739,Mr Lopez,Orthopaedics,Trauma,Large,Depuy Synthes,True,11,Dalton-Carter,TMTJ Fusion,Mr. Mask Foot Instruments,2026-05-04T21:07:18.242404
4840,Mr Sullivan,Orthopaedics,Foot and Ankle,Small,Stryker,True,22,Fowler PLC,Triple Arthrodesis,Achilles Tendon Repair Kit,2026-05-04T21:07:18.242404
9374,Miss Gutierrez,Orthopaedics,Trauma,Medium,Arthrex V300,True,7,French and Sons,TMTJ Fusion,Mr. Mask Foot Instruments,2026-05-04T21:07:18.242404
7186,Ms Scott,Orthopaedics,Joints,Small,Smith & Nephew,True,23,Peterson-Marsh,Uncemented Hip Replacement,Large Orthopaedic Set,2026-05-04T21:07:18.242404
7655,Ms Nielsen,Orthopaedics,Paediatric,Large,Arthrex V300,True,13,Miller-Ellis,Clubfoot Correction,Micro Screws Set,2026-05-04T21:07:18.242404
7186,Ms Scott,Orthopaedics,Joints,Small,Smith & Nephew,True,23,Peterson-Marsh,Uncemented Hip Replacement,Large Orthopaedic Set,2026-05-04T21:07:18.242404
1154,Ms Mcdaniel,Orthopaedics,Paediatric,Small,Depuy Synthes,False,26,Cortez-Watson,Paediatric Fracture Fixation,Paediatric Orthopaedic Set,2026-05-04T21:07:18.242404
5434,Mrs Solis,Orthopaedics,Spine,Large,Depuy Synthes,False,18,"Edwards, Bishop and Bullock",Lumbar Spinal Fusion,Medtronic CD Horizon Set,2026-05-04T21:07:18.242404
5697,Miss Goodwin,Orthopaedics,Trauma,Large,Smith & Nephew,True,11,Suarez and Sons,Distal Radius ORIF,AO Synthes Chisel Set,2026-05-04T21:07:18.242404
8607,Ms Wood,Orthopaedics,Trauma,Extra Large,Stryker,True,5,"Bryant, Payne and Fowler",MTPJ Fusion,AO Synthes Chisel Set,2026-05-04T21:07:18.242404
5152,Mr Andrade,Orthopaedics,Joints,Extra Large,Stryker,True,11,Price Inc,Anatomical Shoulder Replacement,Norfolk and Norwich Retractors,2026-05-04T21:07:18.242404
7709,Miss Lambert,Orthopaedics,Spine,Extra Large,Medtronic,False,25,Lopez-Carter,Arthroscopic Spinal Decompression,Globus Medical Spine Set,2026-05-04T21:07:18.242404
8607,Ms Wood,Orthopaedics,Trauma,Extra Large,Stryker,True,5,"Bryant, Payne and Fowler",MTPJ Fusion,AO Synthes Chisel Set,2026-05-04T21:07:18.242404
5152,Mr Andrade,Orthopaedics,Joints,Extra Large,Stryker,True,11,Price Inc,Bipolar Hemiarthroplasty,Large Orthopaedic Set,2026-05-04T21:07:18.242404
7709,Miss Lambert,Orthopaedics,Spine,Extra Large,Medtronic,False,25,Lopez-Carter,Spinal Microdiscectomy,Depuy Synthes Spine Set,2026-05-04T21:07:18.242404
4840,Mr Sullivan,Orthopaedics,Foot and Ankle,Small,Stryker,True,22,Fowler PLC,Lateral Ligament Reconstruction,DePuy Synthes Foot Plates,2026-05-04T21:07:18.242404
5697,Miss Goodwin,Orthopaedics,Trauma,Large,Smith & Nephew,True,11,Suarez and Sons,DIPJ/PIPJ Fusion,Hand Set Extras,2026-05-04T21:07:18.242404
8607,Ms Wood,Orthopaedics,Trauma,Extra Large,Stryker,True,5,"Bryant, Payne and Fowler",Ankle ORIF,Hand Set Extras,2026-05-04T21:07:18.242404
9418,Mr Bowers,Orthopaedics,Foot and Ankle,Medium,Medtronic,False,24,Alexander-Ellis,Triple Arthrodesis,Foot and Ankle Arthrodesis Set,2026-05-04T21:07:18.242404
5017,Mr Rodriguez,Orthopaedics,Paediatric,Medium,Zimmer Biomet,True,24,Howard-Gordon,Blount’s Disease Correction,Small Fragment Set,2026-05-04T21:07:18.242404
7655,Ms Nielsen,Orthopaedics,Paediatric,Large,Arthrex V300,True,13,Miller-Ellis,Blount’s Disease Correction,Small Fragment Set,2026-05-04T21:07:18.242404
7655,Ms Nielsen,Orthopaedics,Paediatric,Large,Arthrex V300,True,13,Miller-Ellis,Paediatric Fracture Fixation,Pfizer Mini Hip Kit,2026-05-04T21:07:18.242404
8086,Mrs Ali,Orthopaedics,Foot and Ankle,Extra Large,Zimmer Biomet,False,24,Martinez-Brown,Achilles Tendon Repair,Small Bone Fixation Set,2026-05-04T21:07:18.242404
7709,Miss Lambert,Orthopaedics,Spine,Extra Large,Medtronic,False,25,Lopez-Carter,Spinal Microdiscectomy,Nuvasive Spine Set,2026-05-04T21:07:18.242404
7655,Ms Nielsen,Orthopaedics,Paediatric,Large,Arthrex V300,True,13,Miller-Ellis,Paediatric Fracture Fixation,Titanium Elastic Nails,2026-05-04T21:07:18.242404
3020,Mr Smith,Orthopaedics,Trauma,Extra Large,Smith & Nephew,False,15,Maldonado-Rogers,Distal Radius ORIF,Hand Set,2026-05-04T21:07:18.242404
7655,Ms Nielsen,Orthopaedics,Paediatric,Large,Arthrex V300,True,13,Miller-Ellis,Paediatric Femoral Osteotomy,Paediatric Drills,2026-05-04T21:07:18.242404
5697,Miss Goodwin,Orthopaedics,Trauma,Large,Smith & Nephew,True,11,Suarez and Sons,Removal of Metalwork from Foot,Hand Set Extras,2026-05-04T21:07:18.242404
5434,Mrs Solis,Orthopaedics,Spine,Large,Depuy Synthes,False,18,"Edwards, Bishop and Bullock",Kyphoplasty,Depuy Synthes Spine Set,2026-05-04T21:07:18.242404
8086,Mrs Ali,Orthopaedics,Foot and Ankle,Extra Large,Zimmer Biomet,False,24,Martinez-Brown,Triple Arthrodesis,Small Bone Fixation Set,2026-05-04T21:07:18.242404
3020,Mr Smith,Orthopaedics,Trauma,Extra Large,Smith & Nephew,False,15,Maldonado-Rogers,Removal of Metalwork from Foot,Smith & Nephew Small Fragment Set,2026-05-04T21:07:18.242404
3020,Mr Smith,Orthopaedics,Trauma,Extra Large,Smith & Nephew,False,15,Maldonado-Rogers,Femoral Nail Removal,Smith & Nephew Small Fragment Set,2026-05-04T21:07:18.242404
8607,Ms Wood,Orthopaedics,Trauma,Extra Large,Stryker,True,5,"Bryant, Payne and Fowler",TMTJ Fusion,Synthes Distal Radius Plate Set,2026-05-04T21:07:18.242404
5697,Miss Goodwin,Orthopaedics,Trauma,Large,Smith & Nephew,True,11,Suarez and Sons,TMTJ Fusion,Synthes Distal Radius Plate Set,2026-05-04T21:07:18.242404
3020,Mr Smith,Orthopaedics,Trauma,Extra Large,Smith & Nephew,False,15,Maldonado-Rogers,Removal of Metalwork from Foot,Mr. Mask Foot Instruments,2026-05-04T21:07:18.242404
5017,Mr Rodriguez,Orthopaedics,Paediatric,Medium,Zimmer Biomet,True,24,Howard-Gordon,Blount’s Disease Correction,Titanium Elastic Nails,2026-05-04T21:07:18.242404
5434,Mrs Solis,Orthopaedics,Spine,Large,Depuy Synthes,False,18,"Edwards, Bishop and Bullock",Spinal Microdiscectomy,Conmed Power Tools,2026-05-04T21:07:18.242404
5152,Mr Andrade,Orthopaedics,Joints,Extra Large,Stryker,True,11,Price Inc,Unicompartmental Knee Replacement,Muller Basic Hip Set,2026-05-04T21:07:18.242404
9374,Miss Gutierrez,Orthopaedics,Trauma,Medium,Arthrex V300,True,7,French and Sons,MTPJ Fusion,Hand Set Extras,2026-05-04T21:07:18.242404
5152,Mr Andrade,Orthopaedics,Joints,Extra Large,Stryker,True,11,Price Inc,Patellofemoral Joint Replacement,Arthrex Arthroscopy Set,2026-05-04T21:07:18.242404
5118,Mrs Banks,Orthopaedics,Paediatric,Large,Depuy Synthes,False,22,Newman Group,Clubfoot Correction,Paediatric Drills,2026-05-04T21:07:18.242404
8086,Mrs Ali,Orthopaedics,Foot and Ankle,Extra Large,Zimmer Biomet,False,24,Martinez-Brown,Lateral Ligament Reconstruction,Lateral Ligament Reconstruction Set,2026-05-04T21:07:18.242404
7709,Miss Lambert,Orthopaedics,Spine,Extra Large,Medtronic,False,25,Lopez-Carter,Anterior Cervical Discectomy,Nuvasive Spine Set,2026-05-04T21:07:18.242404
5697,Miss Goodwin,Orthopaedics,Trauma,Large,Smith & Nephew,True,11,Suarez and Sons,TMTJ Fusion,Hand Set Extras,2026-05-04T21:07:18.242404
5152,Mr Andrade,Orthopaedics,Joints,Extra Large,Stryker,True,11,Price Inc,Anatomical Shoulder Replacement,Large Orthopaedic Set,2026-05-04T21:07:18.242404
6857,Miss Schneider,Orthopaedics,Foot and Ankle,Large,Medtronic,True,24,"Jones, Valentine and Brown",Achilles Tendon Repair,Small Bone Fixation Set,2026-05-04T21:07:18.242404
5697,Miss Goodwin,Orthopaedics,Trauma,Large,Smith & Nephew,True,11,Suarez and Sons,Weil Osteotomy,Synthes Distal Radius Plate Set,2026-05-04T21:07:18.242404
5118,Mrs Banks,Orthopaedics,Paediatric,Large,Depuy Synthes,False,22,Newman Group,Paediatric Fracture Fixation,Paediatric Orthopaedic Set,2026-05-04T21:07:18.242404
5017,Mr Rodriguez,Orthopaedics,Paediatric,Medium,Zimmer Biomet,True,24,Howard-Gordon,Paediatric Fracture Fixation,Synthes Paediatric Plates,2026-05-04T21:07:18.242404
9374,Miss Gutierrez,Orthopaedics,Trauma,Medium,Arthrex V300,True,7,French and Sons,Weil Osteotomy,Conmed Small Joint Set,2026-05-04T21:07:18.242404
9418,Mr Bowers,Orthopaedics,Foot and Ankle,Medium,Medtronic,False,24,Alexander-Ellis,Achilles Tendon Repair,Small Bone Fixation Set,2026-05-04T21:07:18.242404
8607,Ms Wood,Orthopaedics,Trauma,Extra Large,Stryker,True,5,"Bryant, Payne and Fowler",TMTJ Fusion,Synthes Distal Radius Plate Set,2026-05-04T21:07:18.242404
9072,Mrs Price,Orthopaedics,Joints,Small,Smith & Nephew,False,25,Anderson-Delgado,Total Knee Replacement,Large Orthopaedic Set,2026-05-04T21:07:18.242404
1154,Ms Mcdaniel,Orthopaedics,Paediatric,Small,Depuy Synthes,False,26,Cortez-Watson,Clubfoot Correction,Small Fragment Set,2026-05-04T21:07:18.242404
9418,Mr Bowers,Orthopaedics,Foot and Ankle,Medium,Medtronic,False,24,Alexander-Ellis,Triple Arthrodesis,Foot and Ankle Arthrodesis Set,2026-05-04T21:07:18.242404
9374,Miss Gutierrez,Orthopaedics,Trauma,Medium,Arthrex V300,True,7,French and Sons,Removal of Metalwork from Foot,Mola Set,2026-05-04T21:07:18.242404
6739,Mr Lopez,Orthopaedics,Trauma,Large,Depuy Synthes,True,11,Dalton-Carter,Distal Radius ORIF,Acumed Acutrak Screw Removal Set,2026-05-04T21:07:18.242404
8086,Mrs Ali,Orthopaedics,Foot and Ankle,Extra Large,Zimmer Biomet,False,24,Martinez-Brown,Achilles Tendon Repair,Hallux Valgus Set,2026-05-04T21:07:18.242404
4840,Mr Sullivan,Orthopaedics,Foot and Ankle,Small,Stryker,True,22,Fowler PLC,Achilles Tendon Repair,Hallux Valgus Set,2026-05-04T21:07:18.242404
7186,Ms Scott,Orthopaedics,Joints,Small,Smith & Nephew,True,23,Peterson-Marsh,Anatomical Shoulder Replacement,Zimmer Biomet Retractors,2026-05-04T21:07:18.242404
5152,Mr Andrade,Orthopaedics,Joints,Extra Large,Stryker,True,11,Price Inc,Bipolar Hemiarthroplasty,Large Orthopaedic Set,2026-05-04T21:07:18.242404
4840,Mr Sullivan,Orthopaedics,Foot and Ankle,Small,Stryker,True,22,Fowler PLC,Lateral Ligament Reconstruction,Achilles Tendon Repair Kit,2026-05-04T21:07:18.242404
5152,Mr Andrade,Orthopaedics,Joints,Extra Large,Stryker,True,11,Price Inc,Anatomical Shoulder Replacement,Large Orthopaedic Set,2026-05-04T21:07:18.242404
3020,Mr Smith,Orthopaedics,Trauma,Extra Large,Smith & Nephew,False,15,Maldonado-Rogers,Distal Radius ORIF,Smith & Nephew Small Fragment Set,2026-05-04T21:07:18.242404
5017,Mr Rodriguez,Orthopaedics,Paediatric,Medium,Zimmer Biomet,True,24,Howard-Gordon,Blount’s Disease Correction,Pfizer Mini Hip Kit,2026-05-04T21:07:18.242404
7709,Miss Lambert,Orthopaedics,Spine,Extra Large,Medtronic,False,25,Lopez-Carter,Spinal Microdiscectomy,Globus Medical Spine Set,2026-05-04T21:07:18.242404
7186,Ms Scott,Orthopaedics,Joints,Small,Smith & Nephew,True,23,Peterson-Marsh,Unicompartmental Knee Replacement,Conmed Power Tools,2026-05-04T21:07:18.242404
5697,Miss Goodwin,Orthopaedics,Trauma,Large,Smith & Nephew,True,11,Suarez and Sons,Ankle ORIF,Hand Set Extras,2026-05-04T21:07:18.242404
4360,Miss Maynard,Orthopaedics,Foot and Ankle,Large,Stryker,True,20,"Davis, Jackson and Rodriguez",Triple Arthrodesis,Achilles Tendon Repair Kit,2026-05-04T21:07:18.242404
6739,Mr Lopez,Orthopaedics,Trauma,Large,Depuy Synthes,True,11,Dalton-Carter,DIPJ/PIPJ Fusion,Mola Set,2026-05-04T21:07:18.242404
8086,Mrs Ali,Orthopaedics,Foot and Ankle,Extra Large,Zimmer Biomet,False,24,Martinez-Brown,Achilles Tendon Repair,DePuy Synthes Foot Plates,2026-05-04T21:07:18.242404
7655,Ms Nielsen,Orthopaedics,Paediatric,Large,Arthrex V300,True,13,Miller-Ellis,Paediatric Fracture Fixation,Paediatric Orthopaedic Set,2026-05-04T21:07:18.242404
1154,Ms Mcdaniel,Orthopaedics,Paediatric,Small,Depuy Synthes,False,26,Cortez-Watson,Paediatric Femoral Osteotomy,Paediatric Orthopaedic Set,2026-05-04T21:07:18.242404
5017,Mr Rodriguez,Orthopaedics,Paediatric,Medium,Zimmer Biomet,True,24,Howard-Gordon,Clubfoot Correction,Micro Screws Set,2026-05-04T21:07:18.242404
4840,Mr Sullivan,Orthopaedics,Foot and Ankle,Small,Stryker,True,22,Fowler PLC,Hallux Valgus Correction,Stryker Ankle Fusion Set,2026-05-04T21:07:18.242404
5152,Mr Andrade,Orthopaedics,Joints,Extra Large,Stryker,True,11,Price Inc,Unicompartmental Knee Replacement,Muller Basic Hip Set,2026-05-04T21:07:18.242404
9072,Mrs Price,Orthopaedics,Joints,Small,Smith & Nephew,False,25,Anderson-Delgado,Patellofemoral Joint Replacement,Muller Basic Hip Set,2026-05-04T21:07:18.242404
6739,Mr Lopez,Orthopaedics,Trauma,Large,Depuy Synthes,True,11,Dalton-Carter,Femoral Nail Removal,Hand Set,2026-05-04T21:07:18.242404
6857,Miss Schneider,Orthopaedics,Foot and Ankle,Large,Medtronic,True,24,"Jones, Valentine and Brown",Lateral Ligament Reconstruction,Hallux Valgus Set,2026-05-04T21:07:18.242404
7709,Miss Lambert,Orthopaedics,Spine,Extra Large,Medtronic,False,25,Lopez-Carter,Arthroscopic Spinal Decompression,McCulloch Lumbar Retractor Set,2026-05-04T21:07:18.242404
9418,Mr Bowers,Orthopaedics,Foot and Ankle,Medium,Medtronic,False,24,Alexander-Ellis,Achilles Tendon Repair,Small Bone Fixation Set,2026-05-04T21:07:18.242404
7585,Mr King,Orthopaedics,Joints,Large,Zimmer Biomet,True,25,Shields-Hall,Bipolar Hemiarthroplasty,Stryker System 6 Retractors,2026-05-04T21:07:18.242404
4360,Miss Maynard,Orthopaedics,Foot and Ankle,Large,Stryker,True,20,"Davis, Jackson and Rodriguez",Hallux Valgus Correction,DePuy Synthes Foot Plates,2026-05-04T21:07:18.242404
7585,Mr King,Orthopaedics,Joints,Large,Zimmer Biomet,True,25,Shields-Hall,ACL Reconstruction with LET,DePuy Synthes Hip Kit,2026-05-04T21:07:18.242404
7186,Ms Scott,Orthopaedics,Joints,Small,Smith & Nephew,True,23,Peterson-Marsh,ACL Reconstruction with LET,Stryker System 6 Retractors,2026-05-04T21:07:18.242404
4360,Miss Maynard,Orthopaedics,Foot and Ankle,Large,Stryker,True,20,"Davis, Jackson and Rodriguez",Triple Arthrodesis,Foot and Ankle Arthrodesis Set,2026-05-04T21:07:18.242404
5697,Miss Goodwin,Orthopaedics,Trauma,Large,Smith & Nephew,True,11,Suarez and Sons,Weil Osteotomy,Smith & Nephew Small Fragment Set,2026-05-04T21:07:18.242404
9418,Mr Bowers,Orthopaedics,Foot and Ankle,Medium,Medtronic,False,24,Alexander-Ellis,Lateral Ligament Reconstruction,Small Bone Fixation Set,2026-05-04T21:07:18.242404
9374,Miss Gutierrez,Orthopaedics,Trauma,Medium,Arthrex V300,True,7,French and Sons,Weil Osteotomy,Conmed Small Joint Set,2026-05-04T21:07:18.242404
4840,Mr Sullivan,Orthopaedics,Foot and Ankle,Small,Stryker,True,22,Fowler PLC,Triple Arthrodesis,Achilles Tendon Repair Kit,2026-05-04T21:07:18.242404
1154,Ms Mcdaniel,Orthopaedics,Paediatric,Small,Depuy Synthes,False,26,Cortez-Watson,Clubfoot Correction,Paediatric Drills,2026-05-04T21:07:18.242404
1154,Ms Mcdaniel,Orthopaedics,Paediatric,Small,Depuy Synthes,False,26,Cortez-Watson,Blount’s Disease Correction,Paediatric Orthopaedic Set,2026-05-04T21:07:18.242404
8086,Mrs Ali,Orthopaedics,Foot and Ankle,Extra Large,Zimmer Biomet,False,24,Martinez-Brown,Achilles Tendon Repair,Hallux Valgus Set,2026-05-04T21:07:18.242404
5017,Mr Rodriguez,Orthopaedics,Paediatric,Medium,Zimmer Biomet,True,24,Howard-Gordon,Clubfoot Correction,Titanium Elastic Nails,2026-05-04T21:07:18.242404
4840,Mr Sullivan,Orthopaedics,Foot and Ankle,Small,Stryker,True,22,Fowler PLC,Triple Arthrodesis,Lateral Ligament Reconstruction Set,2026-05-04T21:07:18.242404
6857,Miss Schneider,Orthopaedics,Foot and Ankle,Large,Medtronic,True,24,"Jones, Valentine and Brown",Lateral Ligament Reconstruction,Foot and Ankle Arthrodesis Set,2026-05-04T21:07:18.242404
5017,Mr Rodriguez,Orthopaedics,Paediatric,Medium,Zimmer Biomet,True,24,Howard-Gordon,Clubfoot Correction,Titanium Elastic Nails,2026-05-04T21:07:18.242404
5152,Mr Andrade,Orthopaedics,Joints,Extra Large,Stryker,True,11,Price Inc,Total Knee Replacement,Norfolk and Norwich Retractors,2026-05-04T21:07:18.242404
8607,Ms Wood,Orthopaedics,Trauma,Extra Large,Stryker,True,5,"Bryant, Payne and Fowler",TMTJ Fusion,Acumed Acutrak Screw Removal Set,2026-05-04T21:07:18.242404
8607,Ms Wood,Orthopaedics,Trauma,Extra Large,Stryker,True,5,"Bryant, Payne and Fowler",Tibial Plateau Fracture Fixation,Tornier Humeral Fracture Set,2026-05-04T21:07:18.242404
4840,Mr Sullivan,Orthopaedics,Foot and Ankle,Small,Stryker,True,22,Fowler PLC,Lateral Ligament Reconstruction,Small Bone Fixation Set,2026-05-04T21:07:18.242404
4360,Miss Maynard,Orthopaedics,Foot and Ankle,Large,Stryker,True,20,"Davis, Jackson and Rodriguez",Achilles Tendon Repair,Foot and Ankle Arthrodesis Set,2026-05-04T21:07:18.242404
7585,Mr King,Orthopaedics,Joints,Large,Zimmer Biomet,True,25,Shields-Hall,Bipolar Hemiarthroplasty,Initial Retractors,2026-05-04T21:07:18.242404
8607,Ms Wood,Orthopaedics,Trauma,Extra Large,Stryker,True,5,"Bryant, Payne and Fowler",TMTJ Fusion,Synthes Distal Radius Plate Set,2026-05-04T21:07:18.242404
1154,Ms Mcdaniel,Orthopaedics,Paediatric,Small,Depuy Synthes,False,26,Cortez-Watson,Paediatric Fracture Fixation,Micro Screws Set,2026-05-04T21:07:18.242404
6857,Miss Schneider,Orthopaedics,Foot and Ankle,Large,Medtronic,True,24,"Jones, Valentine and Brown",Lateral Ligament Reconstruction,Achilles Tendon Repair Kit,2026-05-04T21:07:18.242404
5152,Mr Andrade,Orthopaedics,Joints,Extra Large,Stryker,True,11,Price Inc,Unicompartmental Knee Replacement,J&J PFC Knee Retractors,2026-05-04T21:07:18.242404
5152,Mr Andrade,Orthopaedics,Joints,Extra Large,Stryker,True,11,Price Inc,Uncemented Hip Replacement,Conmed Power Tools,2026-05-04T21:07:18.242404
7709,Miss Lambert,Orthopaedics,Spine,Extra Large,Medtronic,False,25,Lopez-Carter,Arthroscopic Spinal Decompression,Globus Medical Spine Set,2026-05-04T21:07:18.242404
5118,Mrs Banks,Orthopaedics,Paediatric,Large,Depuy Synthes,False,22,Newman Group,Blount’s Disease Correction,Paediatric Orthopaedic Set,2026-05-04T21:07:18.242404
5118,Mrs Banks,Orthopaedics,Paediatric,Large,Depuy Synthes,False,22,Newman Group,Paediatric Fracture Fixation,Pfizer Mini Hip Kit,2026-05-04T21:07:18.242404
8607,Ms Wood,Orthopaedics,Trauma,Extra Large,Stryker,True,5,"Bryant, Payne and Fowler",DIPJ/PIPJ Fusion,Acumed Acutrak Screw Removal Set,2026-05-04T21:07:18.242404
9072,Mrs Price,Orthopaedics,Joints,Small,Smith & Nephew,False,25,Anderson-Delgado,ACL Reconstruction with LET,J&J PFC Knee Retractors,2026-05-04T21:07:18.242404
4360,Miss Maynard,Orthopaedics,Foot and Ankle,Large,Stryker,True,20,"Davis, Jackson and Rodriguez",Hallux Valgus Correction,Achilles Tendon Repair Kit,2026-05-04T21:07:18.242404
1154,Ms Mcdaniel,Orthopaedics,Paediatric,Small,Depuy Synthes,False,26,Cortez-Watson,Blount’s Disease Correction,Titanium Elastic Nails,2026-05-04T21:07:18.242404
5697,Miss Goodwin,Orthopaedics,Trauma,Large,Smith & Nephew,True,11,Suarez and Sons,Distal Radius ORIF,Mola Set,2026-05-04T21:07:18.242404
7655,Ms Nielsen,Orthopaedics,Paediatric,Large,Arthrex V300,True,13,Miller-Ellis,Paediatric Fracture Fixation,Synthes Paediatric Plates,2026-05-04T21:07:18.242404
6857,Miss Schneider,Orthopaedics,Foot and Ankle,Large,Medtronic,True,24,"Jones, Valentine and Brown",Triple Arthrodesis,Achilles Tendon Repair Kit,2026-05-04T21:07:18.242404
7655,Ms Nielsen,Orthopaedics,Paediatric,Large,Arthrex V300,True,13,Miller-Ellis,Paediatric Fracture Fixation,Titanium Elastic Nails,2026-05-04T21:07:18.242404
8607,Ms Wood,Orthopaedics,Trauma,Extra Large,Stryker,True,5,"Bryant, Payne and Fowler",Distal Radius ORIF,Hand Set Extras,2026-05-04T21:07:18.242404
4840,Mr Sullivan,Orthopaedics,Foot and Ankle,Small,Stryker,True,22,Fowler PLC,Lateral Ligament Reconstruction,Lateral Ligament Reconstruction Set,2026-05-04T21:07:18.242404
5434,Mrs Solis,Orthopaedics,Spine,Large,Depuy Synthes,False,18,"Edwards, Bishop and Bullock",Anterior Cervical Discectomy,Nuvasive Spine Set,2026-05-04T21:07:18.242404
7585,Mr King,Orthopaedics,Joints,Large,Zimmer Biomet,True,25,Shields-Hall,Anatomical Shoulder Replacement,Zimmer Biomet Retractors,2026-05-04T21:07:18.242404
9374,Miss Gutierrez,Orthopaedics,Trauma,Medium,Arthrex V300,True,7,French and Sons,Weil Osteotomy,Conmed Small Joint Set,2026-05-04T21:07:18.242404
7709,Miss Lambert,Orthopaedics,Spine,Extra Large,Medtronic,False,25,Lopez-Carter,Lumbar Spinal Fusion,SI Bone Fuse Set,2026-05-04T21:07:18.242404
7655,Ms Nielsen,Orthopaedics,Paediatric,Large,Arthrex V300,True,13,Miller-Ellis,Paediatric Femoral Osteotomy,Pfizer Mini Hip Kit,2026-05-04T21:07:18.242404
3020,Mr Smith,Orthopaedics,Trauma,Extra Large,Smith & Nephew,False,15,Maldonado-Rogers,MTPJ Fusion,AO Synthes Chisel Set,2026-05-04T21:07:18.242404
1154,Ms Mcdaniel,Orthopaedics,Paediatric,Small,Depuy Synthes,False,26,Cortez-Watson,Paediatric Fracture Fixation,Titanium Elastic Nails,2026-05-04T21:07:18.242404
5118,Mrs Banks,Orthopaedics,Paediatric,Large,Depuy Synthes,False,22,Newman Group,Clubfoot Correction,Synthes Paediatric Plates,2026-05-04T21:07:18.242404
5017,Mr Rodriguez,Orthopaedics,Paediatric,Medium,Zimmer Biomet,True,24,Howard-Gordon,Blount’s Disease Correction,Paediatric Drills,2026-05-04T21:07:18.242404
6857,Miss Schneider,Orthopaedics,Foot and Ankle,Large,Medtronic,True,24,"Jones, Valentine and Brown",Triple Arthrodesis,Achilles Tendon Repair Kit,2026-05-04T21:07:18.242404
5152,Mr Andrade,Orthopaedics,Joints,Extra Large,Stryker,True,11,Price Inc,Uncemented Hip Replacement,Arthrex Arthroscopy Set,2026-05-04T21:07:18.242404
8607,Ms Wood,Orthopaedics,Trauma,Extra Large,Stryker,True,5,"Bryant, Payne and Fowler",Tibial Plateau Fracture Fixation,Acumed Acutrak Screw Removal Set,2026-05-04T21:07:18.242404
1154,Ms Mcdaniel,Orthopaedics,Paediatric,Small,Depuy Synthes,False,26,Cortez-Watson,Clubfoot Correction,Small Fragment Set,2026-05-04T21:07:18.242404
5434,Mrs Solis,Orthopaedics,Spine,Large,Depuy Synthes,False,18,"Edwards, Bishop and Bullock",Anterior Cervical Discectomy,Stryker High Speed Burr,2026-05-04T21:07:18.242404
7585,Mr King,Orthopaedics,Joints,Large,Zimmer Biomet,True,25,Shields-Hall,Uncemented Hip Replacement,Muller Basic Hip Set,2026-05-04T21:07:18.242404
6857,Miss Schneider,Orthopaedics,Foot and Ankle,Large,Medtronic,True,24,"Jones, Valentine and Brown",Triple Arthrodesis,DePuy Synthes Foot Plates,2026-05-04T21:07:18.242404
4360,Miss Maynard,Orthopaedics,Foot and Ankle,Large,Stryker,True,20,"Davis, Jackson and Rodriguez",Triple Arthrodesis,Small Bone Fixation Set,2026-05-04T21:07:18.242404
9374,Miss Gutierrez,Orthopaedics,Trauma,Medium,Arthrex V300,True,7,French and Sons,Distal Radius ORIF,Acumed Acutrak Screw Removal Set,2026-05-04T21:07:18.242404
1154,Ms Mcdaniel,Orthopaedics,Paediatric,Small,Depuy Synthes,False,26,Cortez-Watson,Paediatric Fracture Fixation,Small Fragment Set,2026-05-04T21:07:18.242404
9374,Miss Gutierrez,Orthopaedics,Trauma,Medium,Arthrex V300,True,7,French and Sons,Weil Osteotomy,Hand Set,2026-05-04T21:07:18.242404
5434,Mrs Solis,Orthopaedics,Spine,Large,Depuy Synthes,False,18,"Edwards, Bishop and Bullock",Anterior Cervical Discectomy,Spinal Instrumentation Set,2026-05-04T21:07:18.242404
7186,Ms Scott,Orthopaedics,Joints,Small,Smith & Nephew,True,23,Peterson-Marsh,Uncemented Hip Replacement,Conmed Power Tools,2026-05-04T21:07:18.242404
7186,Ms Scott,Orthopaedics,Joints,Small,Smith & Nephew,True,23,Peterson-Marsh,Uncemented Hip Replacement,Muller Basic Hip Set,2026-05-04T21:07:18.242404
5152,Mr Andrade,Orthopaedics,Joints,Extra Large,Stryker,True,11,Price Inc,Total Knee Replacement,Arthrex Arthroscopy Set,2026-05-04T21:07:18.242404
6739,Mr Lopez,Orthopaedics,Trauma,Large,Depuy Synthes,True,11,Dalton-Carter,Removal of Metalwork from Foot,Hand Set Extras,2026-05-04T21:07:18.242404
3020,Mr Smith,Orthopaedics,Trauma,Extra Large,Smith & Nephew,False,15,Maldonado-Rogers,Weil Osteotomy,Smith & Nephew Small Fragment Set,2026-05-04T21:07:18.242404
5118,Mrs Banks,Orthopaedics,Paediatric,Large,Depuy Synthes,False,22,Newman Group,Clubfoot Correction,Paediatric Drills,2026-05-04T21:07:18.242404
6857,Miss Schneider,Orthopaedics,Foot and Ankle,Large,Medtronic,True,24,"Jones, Valentine and Brown",Lateral Ligament Reconstruction,DePuy Synthes Foot Plates,2026-05-04T21:07:18.242404
5697,Miss Goodwin,Orthopaedics,Trauma,Large,Smith & Nephew,True,11,Suarez and Sons,TMTJ Fusion,Acumed Acutrak Screw Removal Set,2026-05-04T21:07:18.242404
9072,Mrs Price,Orthopaedics,Joints,Small,Smith & Nephew,False,25,Anderson-Delgado,Total Knee Replacement,Zimmer Biomet Retractors,2026-05-04T21:07:18.242404
9072,Mrs Price,Orthopaedics,Joints,Small,Smith & Nephew,False,25,Anderson-Delgado,ACL Reconstruction with LET,J&J PFC Knee Retractors,2026-05-04T21:07:18.242404
8086,Mrs Ali,Orthopaedics,Foot and Ankle,Extra Large,Zimmer Biomet,False,24,Martinez-Brown,Lateral Ligament Reconstruction,Stryker Ankle Fusion Set,2026-05-04T21:07:18.242404
9072,Mrs Price,Orthopaedics,Joints,Small,Smith & Nephew,False,25,Anderson-Delgado,Anatomical Shoulder Replacement,Arthrex Arthroscopy Set,2026-05-04T21:07:18.242404
9418,Mr Bowers,Orthopaedics,Foot and Ankle,Medium,Medtronic,False,24,Alexander-Ellis,Hallux Valgus Correction,Stryker Ankle Fusion Set,2026-05-04T21:07:18.242404
3020,Mr Smith,Orthopaedics,Trauma,Extra Large,Smith & Nephew,False,15,Maldonado-Rogers,MTPJ Fusion,Mola Set,2026-05-04T21:07:18.242404
5434,Mrs Solis,Orthopaedics,Spine,Large,Depuy Synthes,False,18,"Edwards, Bishop and Bullock",Kyphoplasty,Globus Medical Spine Set,2026-05-04T21:07:18.242404
5118,Mrs Banks,Orthopaedics,Paediatric,Large,Depuy Synthes,False,22,Newman Group,Paediatric Fracture Fixation,Titanium Elastic Nails,2026-05-04T21:07:18.242404
7709,Miss Lambert,Orthopaedics,Spine,Extra Large,Medtronic,False,25,Lopez-Carter,Spinal Microdiscectomy,Depuy Synthes Spine Set,2026-05-04T21:07:18.242404
4840,Mr Sullivan,Orthopaedics,Foot and Ankle,Small,Stryker,True,22,Fowler PLC,Achilles Tendon Repair,Hallux Valgus Set,2026-05-04T21:07:18.242404
9418,Mr Bowers,Orthopaedics,Foot and Ankle,Medium,Medtronic,False,24,Alexander-Ellis,Triple Arthrodesis,Lateral Ligament Reconstruction Set,2026-05-04T21:07:18.242404
9072,Mrs Price,Orthopaedics,Joints,Small,Smith & Nephew,False,25,Anderson-Delgado,Total Knee Replacement,Zimmer Biomet Retractors,2026-05-04T21:07:18.242404
8607,Ms Wood,Orthopaedics,Trauma,Extra Large,Stryker,True,5,"Bryant, Payne and Fowler",TMTJ Fusion,Synthes Distal Radius Plate Set,2026-05-04T21:07:18.242404
7186,Ms Scott,Orthopaedics,Joints,Small,Smith & Nephew,True,23,Peterson-Marsh,Unicompartmental Knee Replacement,Muller Basic Hip Set,2026-05-04T21:07:18.242404
1154,Ms Mcdaniel,Orthopaedics,Paediatric,Small,Depuy Synthes,False,26,Cortez-Watson,Paediatric Fracture Fixation,Paediatric Drills,2026-05-04T21:07:18.242404
5434,Mrs Solis,Orthopaedics,Spine,Large,Depuy Synthes,False,18,"Edwards, Bishop and Bullock",Cervical Spinal Fusion,Conmed Power Tools,2026-05-04T21:07:18.242404
8086,Mrs Ali,Orthopaedics,Foot and Ankle,Extra Large,Zimmer Biomet,False,24,Martinez-Brown,Lateral Ligament Reconstruction,Hallux Valgus Set,2026-05-04T21:07:18.242404
7186,Ms Scott,Orthopaedics,Joints,Small,Smith & Nephew,True,23,Peterson-Marsh,Unicompartmental Knee Replacement,Large Orthopaedic Set,2026-05-04T21:07:18.242404
1154,Ms Mcdaniel,Orthopaedics,Paediatric,Small,Depuy Synthes,False,26,Cortez-Watson,Paediatric Femoral Osteotomy,Small Fragment Set,2026-05-04T21:07:18.242404
5697,Miss Goodwin,Orthopaedics,Trauma,Large,Smith & Nephew,True,11,Suarez and Sons,Weil Osteotomy,Smith & Nephew Small Fragment Set,2026-05-04T21:07:18.242404
8086,Mrs Ali,Orthopaedics,Foot and Ankle,Extra Large,Zimmer Biomet,False,24,Martinez-Brown,Achilles Tendon Repair,Lateral Ligament Reconstruction Set,2026-05-04T21:07:18.242404
8086,Mrs Ali,Orthopaedics,Foot and Ankle,Extra Large,Zimmer Biomet,False,24,Martinez-Brown,Triple Arthrodesis,DePuy Synthes Foot Plates,2026-05-04T21:07:18.242404
7709,Miss Lambert,Orthopaedics,Spine,Extra Large,Medtronic,False,25,Lopez-Carter,Kyphoplasty,McCulloch Lumbar Retractor Set,2026-05-04T21:07:18.242404
5118,Mrs Banks,Orthopaedics,Paediatric,Large,Depuy Synthes,False,22,Newman Group,Blount’s Disease Correction,Small Fragment Set,2026-05-04T21:07:18.242404
4840,Mr Sullivan,Orthopaedics,Foot and Ankle,Small,Stryker,True,22,Fowler PLC,Lateral Ligament Reconstruction,Small Bone Fixation Set,2026-05-04T21:07:18.242404
5017,Mr Rodriguez,Orthopaedics,Paediatric,Medium,Zimmer Biomet,True,24,Howard-Gordon,Paediatric Fracture Fixation,Small Fragment Set,2026-05-04T21:07:18.242404
7709,Miss Lambert,Orthopaedics,Spine,Extra Large,Medtronic,False,25,Lopez-Carter,Arthroscopic Spinal Decompression,Depuy Synthes Spine Set,2026-05-04T21:07:18.242404
5697,Miss Goodwin,Orthopaedics,Trauma,Large,Smith & Nephew,True,11,Suarez and Sons,Femoral Nail Removal,Acumed Acutrak Screw Removal Set,2026-05-04T21:07:18.242404
5697,Miss Goodwin,Orthopaedics,Trauma,Large,Smith & Nephew,True,11,Suarez and Sons,Removal of Metalwork from Foot,Conmed Small Joint Set,2026-05-04T21:07:18.242404
5017,Mr Rodriguez,Orthopaedics,Paediatric,Medium,Zimmer Biomet,True,24,Howard-Gordon,Clubfoot Correction,Paediatric Drills,2026-05-04T21:07:18.242404
6739,Mr Lopez,Orthopaedics,Trauma,Large,Depuy Synthes,True,11,Dalton-Carter,DIPJ/PIPJ Fusion,Hand Set Extras,2026-05-04T21:07:18.242404
6857,Miss Schneider,Orthopaedics,Foot and Ankle,Large,Medtronic,True,24,"Jones, Valentine and Brown",Achilles Tendon Repair,DePuy Synthes Foot Plates,2026-05-04T21:07:18.242404
7186,Ms Scott,Orthopaedics,Joints,Small,Smith & Nephew,True,23,Peterson-Marsh,Unicompartmental Knee Replacement,Stryker System 6 Retractors,2026-05-04T21:07:18.242404
5697,Miss Goodwin,Orthopaedics,Trauma,Large,Smith & Nephew,True,11,Suarez and Sons,Distal Radius ORIF,AO Synthes Chisel Set,2026-05-04T21:07:18.242404
4840,Mr Sullivan,Orthopaedics,Foot and Ankle,Small,Stryker,True,22,Fowler PLC,Triple Arthrodesis,DePuy Synthes Foot Plates,2026-05-04T21:07:18.242404
5017,Mr Rodriguez,Orthopaedics,Paediatric,Medium,Zimmer Biomet,True,24,Howard-Gordon,Paediatric Fracture Fixation,Paediatric Orthopaedic Set,2026-05-04T21:07:18.242404
1154,Ms Mcdaniel,Orthopaedics,Paediatric,Small,Depuy Synthes,False,26,Cortez-Watson,Paediatric Femoral Osteotomy,Synthes Paediatric Plates,2026-05-04T21:07:18.242404
5697,Miss Goodwin,Orthopaedics,Trauma,Large,Smith & Nephew,True,11,Suarez and Sons,Femoral Nail Removal,Tornier Humeral Fracture Set,2026-05-04T21:07:18.242404
7585,Mr King,Orthopaedics,Joints,Large,Zimmer Biomet,True,25,Shields-Hall,Patellofemoral Joint Replacement,Arthrex Arthroscopy Set,2026-05-04T21:07:18.242404
7186,Ms Scott,Orthopaedics,Joints,Small,Smith & Nephew,True,23,Peterson-Marsh,Bipolar Hemiarthroplasty,DePuy Synthes Hip Kit,2026-05-04T21:07:18.242404
5017,Mr Rodriguez,Orthopaedics,Paediatric,Medium,Zimmer Biomet,True,24,Howard-Gordon,Blount’s Disease Correction,Synthes Paediatric Plates,2026-05-04T21:07:18.242404
8607,Ms Wood,Orthopaedics,Trauma,Extra Large,Stryker,True,5,"Bryant, Payne and Fowler",MTPJ Fusion,Conmed Small Joint Set,2026-05-04T21:07:18.242404
6857,Miss Schneider,Orthopaedics,Foot and Ankle,Large,Medtronic,True,24,"Jones, Valentine and Brown",Hallux Valgus Correction,Small Bone Fixation Set,2026-05-04T21:07:18.242404
8607,Ms Wood,Orthopaedics,Trauma,Extra Large,Stryker,True,5,"Bryant, Payne and Fowler",DIPJ/PIPJ Fusion,Acumed Acutrak Screw Removal Set,2026-05-04T21:07:18.242404
8607,Ms Wood,Orthopaedics,Trauma,Extra Large,Stryker,True,5,"Bryant, Payne and Fowler",Ankle ORIF,Hand Set Extras,2026-05-04T21:07:18.242404
4360,Miss Maynard,Orthopaedics,Foot and Ankle,Large,Stryker,True,20,"Davis, Jackson and Rodriguez",Lateral Ligament Reconstruction,Stryker Ankle Fusion Set,2026-05-04T21:07:18.242404
6857,Miss Schneider,Orthopaedics,Foot and Ankle,Large,Medtronic,True,24,"Jones, Valentine and Brown",Hallux Valgus Correction,Achilles Tendon Repair Kit,2026-05-04T21:07:18.242404
5017,Mr Rodriguez,Orthopaedics,Paediatric,Medium,Zimmer Biomet,True,24,Howard-Gordon,Paediatric Femoral Osteotomy,Paediatric Drills,2026-05-04T21:07:18.242404
5118,Mrs Banks,Orthopaedics,Paediatric,Large,Depuy Synthes,False,22,Newman Group,Blount’s Disease Correction,Micro Screws Set,2026-05-04T21:07:18.242404
9072,Mrs Price,Orthopaedics,Joints,Small,Smith & Nephew,False,25,Anderson-Delgado,Anatomical Shoulder Replacement,Conmed Power Tools,2026-05-04T21:07:18.242404
5434,Mrs Solis,Orthopaedics,Spine,Large,Depuy Synthes,False,18,"Edwards, Bishop and Bullock",Arthroscopic Spinal Decompression,Depuy Synthes Spine Set,2026-05-04T21:07:18.242404
7186,Ms Scott,Orthopaedics,Joints,Small,Smith & Nephew,True,23,Peterson-Marsh,Patellofemoral Joint Replacement,Initial Retractors,2026-05-04T21:07:18.242404
9072,Mrs Price,Orthopaedics,Joints,Small,Smith & Nephew,False,25,Anderson-Delgado,Patellofemoral Joint Replacement,Muller Basic Hip Set,2026-05-04T21:07:18.242404
5697,Miss Goodwin,Orthopaedics,Trauma,Large,Smith & Nephew,True,11,Suarez and Sons,Removal of Metalwork from Foot,Conmed Small Joint Set,2026-05-04T21:07:18.242404
3020,Mr Smith,Orthopaedics,Trauma,Extra Large,Smith & Nephew,False,15,Maldonado-Rogers,Distal Radius ORIF,Smith & Nephew Small Fragment Set,2026-05-04T21:07:18.242404
9418,Mr Bowers,Orthopaedics,Foot and Ankle,Medium,Medtronic,False,24,Alexander-Ellis,Triple Arthrodesis,Small Bone Fixation Set,2026-05-04T21:07:18.242404
3020,Mr Smith,Orthopaedics,Trauma,Extra Large,Smith & Nephew,False,15,Maldonado-Rogers,TMTJ Fusion,Conmed Small Joint Set,2026-05-04T21:07:18.242404
7585,Mr King,Orthopaedics,Joints,Large,Zimmer Biomet,True,25,Shields-Hall,Bipolar Hemiarthroplasty,Conmed Power Tools,2026-05-04T21:07:18.242404
4840,Mr Sullivan,Orthopaedics,Foot and Ankle,Small,Stryker,True,22,Fowler PLC,Achilles Tendon Repair,Stryker Ankle Fusion Set,2026-05-04T21:07:18.242404
7186,Ms Scott,Orthopaedics,Joints,Small,Smith & Nephew,True,23,Peterson-Marsh,Patellofemoral Joint Replacement,Conmed Power Tools,2026-05-04T21:07:18.242404
5152,Mr Andrade,Orthopaedics,Joints,Extra Large,Stryker,True,11,Price Inc,Bipolar Hemiarthroplasty,Stryker System 6 Retractors,2026-05-04T21:07:18.242404
7709,Miss Lambert,Orthopaedics,Spine,Extra Large,Medtronic,False,25,Lopez-Carter,Spinal Decompression,Stryker High Speed Burr,2026-05-04T21:07:18.242404
7709,Miss Lambert,Orthopaedics,Spine,Extra Large,Medtronic,False,25,Lopez-Carter,Cervical Spinal Fusion,Nuvasive Spine Set,2026-05-04T21:07:18.242404
5118,Mrs Banks,Orthopaedics,Paediatric,Large,Depuy Synthes,False,22,Newman Group,Clubfoot Correction,Titanium Elastic Nails,2026-05-04T21:07:18.242404
4360,Miss Maynard,Orthopaedics,Foot and Ankle,Large,Stryker,True,20,"Davis, Jackson and Rodriguez",Triple Arthrodesis,Stryker Ankle Fusion Set,2026-05-04T21:07:18.242404
8607,Ms Wood,Orthopaedics,Trauma,Extra Large,Stryker,True,5,"Bryant, Payne and Fowler",Femoral Nail Removal,Conmed Small Joint Set,2026-05-04T21:07:18.242404
3020,Mr Smith,Orthopaedics,Trauma,Extra Large,Smith & Nephew,False,15,Maldonado-Rogers,Weil Osteotomy,Hand Set,2026-05-04T21:07:18.242404
6739,Mr Lopez,Orthopaedics,Trauma,Large,Depuy Synthes,True,11,Dalton-Carter,Removal of Metalwork from Foot,Hand Set,2026-05-04T21:07:18.242404
3020,Mr Smith,Orthopaedics,Trauma,Extra Large,Smith & Nephew,False,15,Maldonado-Rogers,MTPJ Fusion,Mola Set,2026-05-04T21:07:18.242404
5017,Mr Rodriguez,Orthopaedics,Paediatric,Medium,Zimmer Biomet,True,24,Howard-Gordon,Paediatric Femoral Osteotomy,Paediatric Drills,2026-05-04T21:07:18.242404
6739,Mr Lopez,Orthopaedics,Trauma,Large,Depuy Synthes,True,11,Dalton-Carter,DIPJ/PIPJ Fusion,Mola Set,2026-05-04T21:07:18.242404
5434,Mrs Solis,Orthopaedics,Spine,Large,Depuy Synthes,False,18,"Edwards, Bishop and Bullock",Kyphoplasty,Globus Medical Spine Set,2026-05-04T21:07:18.242404
9374,Miss Gutierrez,Orthopaedics,Trauma,Medium,Arthrex V300,True,7,French and Sons,MTPJ Fusion,Hand Set Extras,2026-05-04T21:07:18.242404
8607,Ms Wood,Orthopaedics,Trauma,Extra Large,Stryker,True,5,"Bryant, Payne and Fowler",Distal Radius ORIF,Mola Set,2026-05-04T21:07:18.242404
7186,Ms Scott,Orthopaedics,Joints,Small,Smith & Nephew,True,23,Peterson-Marsh,Uncemented Hip Replacement,Norfolk and Norwich Retractors,2026-05-04T21:07:18.242404
5118,Mrs Banks,Orthopaedics,Paediatric,Large,Depuy Synthes,False,22,Newman Group,Blount’s Disease Correction,Titanium Elastic Nails,2026-05-04T21:07:18.242404
4840,Mr Sullivan,Orthopaedics,Foot and Ankle,Small,Stryker,True,22,Fowler PLC,Triple Arthrodesis,Hallux Valgus Set,2026-05-04T21:07:18.242404
5697,Miss Goodwin,Orthopaedics,Trauma,Large,Smith & Nephew,True,11,Suarez and Sons,DIPJ/PIPJ Fusion,AO Synthes Chisel Set,2026-05-04T21:07:18.242404
4840,Mr Sullivan,Orthopaedics,Foot and Ankle,Small,Stryker,True,22,Fowler PLC,Achilles Tendon Repair,Lateral Ligament Reconstruction Set,2026-05-04T21:07:18.242404
1154,Ms Mcdaniel,Orthopaedics,Paediatric,Small,Depuy Synthes,False,26,Cortez-Watson,Blount’s Disease Correction,Pfizer Mini Hip Kit,2026-05-04T21:07:18.242404
7186,Ms Scott,Orthopaedics,Joints,Small,Smith & Nephew,True,23,Peterson-Marsh,Total Knee Replacement,Initial Retractors,2026-05-04T21:07:18.242404
5434,Mrs Solis,Orthopaedics,Spine,Large,Depuy Synthes,False,18,"Edwards, Bishop and Bullock",Arthroscopic Spinal Decompression,McCulloch Lumbar Retractor Set,2026-05-04T21:07:18.242404
8086,Mrs Ali,Orthopaedics,Foot and Ankle,Extra Large,Zimmer Biomet,False,24,Martinez-Brown,Triple Arthrodesis,Small Bone Fixation Set,2026-05-04T21:07:18.242404
9374,Miss Gutierrez,Orthopaedics,Trauma,Medium,Arthrex V300,True,7,French and Sons,MTPJ Fusion,Smith & Nephew Small Fragment Set,2026-05-04T21:07:18.242404
8607,Ms Wood,Orthopaedics,Trauma,Extra Large,Stryker,True,5,"Bryant, Payne and Fowler",TMTJ Fusion,Acumed Acutrak Screw Removal Set,2026-05-04T21:07:18.242404
3020,Mr Smith,Orthopaedics,Trauma,Extra Large,Smith & Nephew,False,15,Maldonado-Rogers,Ankle ORIF,Mr. Mask Foot Instruments,2026-05-04T21:07:18.242404
9418,Mr Bowers,Orthopaedics,Foot and Ankle,Medium,Medtronic,False,24,Alexander-Ellis,Triple Arthrodesis,Foot and Ankle Arthrodesis Set,2026-05-04T21:07:18.242404
5017,Mr Rodriguez,Orthopaedics,Paediatric,Medium,Zimmer Biomet,True,24,Howard-Gordon,Paediatric Fracture Fixation,Paediatric Orthopaedic Set,2026-05-04T21:07:18.242404
1154,Ms Mcdaniel,Orthopaedics,Paediatric,Small,Depuy Synthes,False,26,Cortez-Watson,Clubfoot Correction,Small Fragment Set,2026-05-04T21:07:18.242404
8607,Ms Wood,Orthopaedics,Trauma,Extra Large,Stryker,True,5,"Bryant, Payne and Fowler",DIPJ/PIPJ Fusion,Tornier Humeral Fracture Set,2026-05-04T21:07:18.242404
9374,Miss Gutierrez,Orthopaedics,Trauma,Medium,Arthrex V300,True,7,French and Sons,MTPJ Fusion,Acumed Acutrak Screw Removal Set,2026-05-04T21:07:18.242404
7709,Miss Lambert,Orthopaedics,Spine,Extra Large,Medtronic,False,25,Lopez-Carter,Cervical Spinal Fusion,McCulloch Lumbar Retractor Set,2026-05-04T21:07:18.242404
9374,Miss Gutierrez,Orthopaedics,Trauma,Medium,Arthrex V300,True,7,French and Sons,Distal Radius ORIF,Conmed Small Joint Set,2026-05-04T21:07:18.242404
4840,Mr Sullivan,Orthopaedics,Foot and Ankle,Small,Stryker,True,22,Fowler PLC,Achilles Tendon Repair,Hallux Valgus Set,2026-05-04T21:07:18.242404
6857,Miss Schneider,Orthopaedics,Foot and Ankle,Large,Medtronic,True,24,"Jones, Valentine and Brown",Achilles Tendon Repair,Hallux Valgus Set,2026-05-04T21:07:18.242404
7585,Mr King,Orthopaedics,Joints,Large,Zimmer Biomet,True,25,Shields-Hall,Patellofemoral Joint Replacement,DePuy Synthes Hip Kit,2026-05-04T21:07:18.242404
9418,Mr Bowers,Orthopaedics,Foot and Ankle,Medium,Medtronic,False,24,Alexander-Ellis,Achilles Tendon Repair,Small Bone Fixation Set,2026-05-04T21:07:18.242404
4360,Miss Maynard,Orthopaedics,Foot and Ankle,Large,Stryker,True,20,"Davis, Jackson and Rodriguez",Triple Arthrodesis,Small Bone Fixation Set,2026-05-04T21:07:18.242404
9374,Miss Gutierrez,Orthopaedics,Trauma,Medium,Arthrex V300,True,7,French and Sons,DIPJ/PIPJ Fusion,Smith & Nephew Small Fragment Set,2026-05-04T21:07:18.242404
6857,Miss Schneider,Orthopaedics,Foot and Ankle,Large,Medtronic,True,24,"Jones, Valentine and Brown",Triple Arthrodesis,Foot and Ankle Arthrodesis Set,2026-05-04T21:07:18.242404
7186,Ms Scott,Orthopaedics,Joints,Small,Smith & Nephew,True,23,Peterson-Marsh,Patellofemoral Joint Replacement,Conmed Power Tools,2026-05-04T21:07:18.242404
5434,Mrs Solis,Orthopaedics,Spine,Large,Depuy Synthes,False,18,"Edwards, Bishop and Bullock",Lumbar Spinal Fusion,SI Bone Fuse Set,2026-05-04T21:07:18.242404
5697,Miss Goodwin,Orthopaedics,Trauma,Large,Smith & Nephew,True,11,Suarez and Sons,Distal Radius ORIF,Hand Set Extras,2026-05-04T21:07:18.242404
7655,Ms Nielsen,Orthopaedics,Paediatric,Large,Arthrex V300,True,13,Miller-Ellis,Paediatric Femoral Osteotomy,Small Fragment Set,2026-05-04T21:07:18.242404
6739,Mr Lopez,Orthopaedics,Trauma,Large,Depuy Synthes,True,11,Dalton-Carter,Ankle ORIF,Conmed Small Joint Set,2026-05-04T21:07:18.242404
4360,Miss Maynard,Orthopaedics,Foot and Ankle,Large,Stryker,True,20,"Davis, Jackson and Rodriguez",Achilles Tendon Repair,Small Bone Fixation Set,2026-05-04T21:07:18.242404
4840,Mr Sullivan,Orthopaedics,Foot and Ankle,Small,Stryker,True,22,Fowler PLC,Achilles Tendon Repair,Foot and Ankle Arthrodesis Set,2026-05-04T21:07:18.242404
4840,Mr Sullivan,Orthopaedics,Foot and Ankle,Small,Stryker,True,22,Fowler PLC,Hallux Valgus Correction,Small Bone Fixation Set,2026-05-04T21:07:18.242404
7186,Ms Scott,Orthopaedics,Joints,Small,Smith & Nephew,True,23,Peterson-Marsh,Uncemented Hip Replacement,DePuy Synthes Hip Kit,2026-05-04T21:07:18.242404
8607,Ms Wood,Orthopaedics,Trauma,Extra Large,Stryker,True,5,"Bryant, Payne and Fowler",Removal of Metalwork from Foot,Mola Set,2026-05-04T21:07:18.242404
4840,Mr Sullivan,Orthopaedics,Foot and Ankle,Small,Stryker,True,22,Fowler PLC,Triple Arthrodesis,Stryker Ankle Fusion Set,2026-05-04T21:07:18.242404
9374,Miss Gutierrez,Orthopaedics,Trauma,Medium,Arthrex V300,True,7,French and Sons,Tibial Plateau Fracture Fixation,Conmed Small Joint Set,2026-05-04T21:07:18.242404
9374,Miss Gutierrez,Orthopaedics,Trauma,Medium,Arthrex V300,True,7,French and Sons,DIPJ/PIPJ Fusion,Conmed Small Joint Set,2026-05-04T21:07:18.242404
7585,Mr King,Orthopaedics,Joints,Large,Zimmer Biomet,True,25,Shields-Hall,Unicompartmental Knee Replacement,Arthrex Arthroscopy Set,2026-05-04T21:07:18.242404
9374,Miss Gutierrez,Orthopaedics,Trauma,Medium,Arthrex V300,True,7,French and Sons,Tibial Plateau Fracture Fixation,Hand Set,2026-05-04T21:07:18.242404
5434,Mrs Solis,Orthopaedics,Spine,Large,Depuy Synthes,False,18,"Edwards, Bishop and Bullock",Cervical Spinal Fusion,Spinal Instrumentation Set,2026-05-04T21:07:18.242404
7585,Mr King,Orthopaedics,Joints,Large,Zimmer Biomet,True,25,Shields-Hall,Anatomical Shoulder Replacement,Large Orthopaedic Set,2026-05-04T21:07:18.242404
5434,Mrs Solis,Orthopaedics,Spine,Large,Depuy Synthes,False,18,"Edwards, Bishop and Bullock",Kyphoplasty,Nuvasive Spine Set,2026-05-04T21:07:18.242404
6857,Miss Schneider,Orthopaedics,Foot and Ankle,Large,Medtronic,True,24,"Jones, Valentine and Brown",Triple Arthrodesis,Small Bone Fixation Set,2026-05-04T21:07:18.242404
4360,Miss Maynard,Orthopaedics,Foot and Ankle,Large,Stryker,True,20,"Davis, Jackson and Rodriguez",Lateral Ligament Reconstruction,Small Bone Fixation Set,2026-05-04T21:07:18.242404
4840,Mr Sullivan,Orthopaedics,Foot and Ankle,Small,Stryker,True,22,Fowler PLC,Triple Arthrodesis,DePuy Synthes Foot Plates,2026-05-04T21:07:18.242404
7655,Ms Nielsen,Orthopaedics,Paediatric,Large,Arthrex V300,True,13,Miller-Ellis,Clubfoot Correction,Pfizer Mini Hip Kit,2026-05-04T21:07:18.242404
5118,Mrs Banks,Orthopaedics,Paediatric,Large,Depuy Synthes,False,22,Newman Group,Blount’s Disease Correction,Titanium Elastic Nails,2026-05-04T21:07:18.242404
8086,Mrs Ali,Orthopaedics,Foot and Ankle,Extra Large,Zimmer Biomet,False,24,Martinez-Brown,Hallux Valgus Correction,Small Bone Fixation Set,2026-05-04T21:07:18.242404
5434,Mrs Solis,Orthopaedics,Spine,Large,Depuy Synthes,False,18,"Edwards, Bishop and Bullock",Spinal Decompression,Nuvasive Spine Set,2026-05-04T21:07:18.242404
7655,Ms Nielsen,Orthopaedics,Paediatric,Large,Arthrex V300,True,13,Miller-Ellis,Paediatric Fracture Fixation,Synthes Paediatric Plates,2026-05-04T21:07:18.242404
5118,Mrs Banks,Orthopaedics,Paediatric,Large,Depuy Synthes,False,22,Newman Group,Clubfoot Correction,Titanium Elastic Nails,2026-05-04T21:07:18.242404
1154,Ms Mcdaniel,Orthopaedics,Paediatric,Small,Depuy Synthes,False,26,Cortez-Watson,Clubfoot Correction,Micro Screws Set,2026-05-04T21:07:18.242404
7709,Miss Lambert,Orthopaedics,Spine,Extra Large,Medtronic,False,25,Lopez-Carter,Cervical Spinal Fusion,Medtronic CD Horizon Set,2026-05-04T21:07:18.242404
6857,Miss Schneider,Orthopaedics,Foot and Ankle,Large,Medtronic,True,24,"Jones, Valentine and Brown",Lateral Ligament Reconstruction,DePuy Synthes Foot Plates,2026-05-04T21:07:18.242404
5697,Miss Goodwin,Orthopaedics,Trauma,Large,Smith & Nephew,True,11,Suarez and Sons,Tibial Plateau Fracture Fixation,Hand Set,2026-05-04T21:07:18.242404
9418,Mr Bowers,Orthopaedics,Foot and Ankle,Medium,Medtronic,False,24,Alexander-Ellis,Achilles Tendon Repair,Foot and Ankle Arthrodesis Set,2026-05-04T21:07:18.242404
5017,Mr Rodriguez,Orthopaedics,Paediatric,Medium,Zimmer Biomet,True,24,Howard-Gordon,Paediatric Femoral Osteotomy,Synthes Paediatric Plates,2026-05-04T21:07:18.242404
4840,Mr Sullivan,Orthopaedics,Foot and Ankle,Small,Stryker,True,22,Fowler PLC,Achilles Tendon Repair,Lateral Ligament Reconstruction Set,2026-05-04T21:07:18.242404
8086,Mrs Ali,Orthopaedics,Foot and Ankle,Extra Large,Zimmer Biomet,False,24,Martinez-Brown,Hallux Valgus Correction,Achilles Tendon Repair Kit,2026-05-04T21:07:18.242404
5697,Miss Goodwin,Orthopaedics,Trauma,Large,Smith & Nephew,True,11,Suarez and Sons,Ankle ORIF,Conmed Small Joint Set,2026-05-04T21:07:18.242404
9072,Mrs Price,Orthopaedics,Joints,Small,Smith & Nephew,False,25,Anderson-Delgado,Anatomical Shoulder Replacement,Norfolk and Norwich Retractors,2026-05-04T21:07:18.242404
6857,Miss Schneider,Orthopaedics,Foot and Ankle,Large,Medtronic,True,24,"Jones, Valentine and Brown",Hallux Valgus Correction,DePuy Synthes Foot Plates,2026-05-04T21:07:18.242404
5017,Mr Rodriguez,Orthopaedics,Paediatric,Medium,Zimmer Biomet,True,24,Howard-Gordon,Paediatric Fracture Fixation,Paediatric Orthopaedic Set,2026-05-04T21:07:18.242404
6857,Miss Schneider,Orthopaedics,Foot and Ankle,Large,Medtronic,True,24,"Jones, Valentine and Brown",Hallux Valgus Correction,Small Bone Fixation Set,2026-05-04T21:07:18.242404
5017,Mr Rodriguez,Orthopaedics,Paediatric,Medium,Zimmer Biomet,True,24,Howard-Gordon,Blount’s Disease Correction,Small Fragment Set,2026-05-04T21:07:18.242404
9418,Mr Bowers,Orthopaedics,Foot and Ankle,Medium,Medtronic,False,24,Alexander-Ellis,Triple Arthrodesis,Achilles Tendon Repair Kit,2026-05-04T21:07:18.242404
8607,Ms Wood,Orthopaedics,Trauma,Extra Large,Stryker,True,5,"Bryant, Payne and Fowler",Tibial Plateau Fracture Fixation,Mr. Mask Foot Instruments,2026-05-04T21:07:18.242404
9418,Mr Bowers,Orthopaedics,Foot and Ankle,Medium,Medtronic,False,24,Alexander-Ellis,Lateral Ligament Reconstruction,DePuy Synthes Foot Plates,2026-05-04T21:07:18.242404
5017,Mr Rodriguez,Orthopaedics,Paediatric,Medium,Zimmer Biomet,True,24,Howard-Gordon,Blount’s Disease Correction,Small Fragment Set,2026-05-04T21:07:18.242404
9374,Miss Gutierrez,Orthopaedics,Trauma,Medium,Arthrex V300,True,7,French and Sons,Distal Radius ORIF,Mola Set,2026-05-04T21:07:18.242404
5697,Miss Goodwin,Orthopaedics,Trauma,Large,Smith & Nephew,True,11,Suarez and Sons,Distal Radius ORIF,Mr. Mask Foot Instruments,2026-05-04T21:07:18.242404
7655,Ms Nielsen,Orthopaedics,Paediatric,Large,Arthrex V300,True,13,Miller-Ellis,Paediatric Fracture Fixation,Small Fragment Set,2026-05-04T21:07:18.242404
6857,Miss Schneider,Orthopaedics,Foot and Ankle,Large,Medtronic,True,24,"Jones, Valentine and Brown",Lateral Ligament Reconstruction,Stryker Ankle Fusion Set,2026-05-04T21:07:18.242404
7186,Ms Scott,Orthopaedics,Joints,Small,Smith & Nephew,True,23,Peterson-Marsh,Anatomical Shoulder Replacement,Stryker System 6 Retractors,2026-05-04T21:07:18.242404
7186,Ms Scott,Orthopaedics,Joints,Small,Smith & Nephew,True,23,Peterson-Marsh,Reverse Total Shoulder Replacement,Stryker System 6 Retractors,2026-05-04T21:07:18.242404
5434,Mrs Solis,Orthopaedics,Spine,Large,Depuy Synthes,False,18,"Edwards, Bishop and Bullock",Anterior Cervical Discectomy,Spinal Instrumentation Set,2026-05-04T21:07:18.242404
5152,Mr Andrade,Orthopaedics,Joints,Extra Large,Stryker,True,11,Price Inc,Bipolar Hemiarthroplasty,Arthrex Arthroscopy Set,2026-05-04T21:07:18.242404
8607,Ms Wood,Orthopaedics,Trauma,Extra Large,Stryker,True,5,"Bryant, Payne and Fowler",Ankle ORIF,AO Synthes Chisel Set,2026-05-04T21:07:18.242404
7655,Ms Nielsen,Orthopaedics,Paediatric,Large,Arthrex V300,True,13,Miller-Ellis,Clubfoot Correction,Paediatric Drills,2026-05-04T21:07:18.242404
5118,Mrs Banks,Orthopaedics,Paediatric,Large,Depuy Synthes,False,22,Newman Group,Clubfoot Correction,Micro Screws Set,2026-05-04T21:07:18.242404
7655,Ms Nielsen,Orthopaedics,Paediatric,Large,Arthrex V300,True,13,Miller-Ellis,Paediatric Femoral Osteotomy,Small Fragment Set,2026-05-04T21:07:18.242404
7709,Miss Lambert,Orthopaedics,Spine,Extra Large,Medtronic,False,25,Lopez-Carter,Cervical Spinal Fusion,Conmed Power Tools,2026-05-04T21:07:18.242404
4840,Mr Sullivan,Orthopaedics,Foot and Ankle,Small,Stryker,True,22,Fowler PLC,Hallux Valgus Correction,Achilles Tendon Repair Kit,2026-05-04T21:07:18.242404
3020,Mr Smith,Orthopaedics,Trauma,Extra Large,Smith & Nephew,False,15,Maldonado-Rogers,DIPJ/PIPJ Fusion,Synthes Distal Radius Plate Set,2026-05-04T21:07:18.242404
5118,Mrs Banks,Orthopaedics,Paediatric,Large,Depuy Synthes,False,22,Newman Group,Blount’s Disease Correction,Synthes Paediatric Plates,2026-05-04T21:07:18.242404
8607,Ms Wood,Orthopaedics,Trauma,Extra Large,Stryker,True,5,"Bryant, Payne and Fowler",Weil Osteotomy,Tornier Humeral Fracture Set,2026-05-04T21:07:18.242404
4360,Miss Maynard,Orthopaedics,Foot and Ankle,Large,Stryker,True,20,"Davis, Jackson and Rodriguez",Lateral Ligament Reconstruction,Small Bone Fixation Set,2026-05-04T21:07:18.242404
7655,Ms Nielsen,Orthopaedics,Paediatric,Large,Arthrex V300,True,13,Miller-Ellis,Clubfoot Correction,Paediatric Orthopaedic Set,2026-05-04T21:07:18.242404
8086,Mrs Ali,Orthopaedics,Foot and Ankle,Extra Large,Zimmer Biomet,False,24,Martinez-Brown,Hallux Valgus Correction,DePuy Synthes Foot Plates,2026-05-04T21:07:18.242404
8607,Ms Wood,Orthopaedics,Trauma,Extra Large,Stryker,True,5,"Bryant, Payne and Fowler",MTPJ Fusion,Synthes Distal Radius Plate Set,2026-05-04T21:07:18.242404
8607,Ms Wood,Orthopaedics,Trauma,Extra Large,Stryker,True,5,"Bryant, Payne and Fowler",Tibial Plateau Fracture Fixation,AO Synthes Chisel Set,2026-05-04T21:07:18.242404
6857,Miss Schneider,Orthopaedics,Foot and Ankle,Large,Medtronic,True,24,"Jones, Valentine and Brown",Achilles Tendon Repair,Small Bone Fixation Set,2026-05-04T21:07:18.242404
1154,Ms Mcdaniel,Orthopaedics,Paediatric,Small,Depuy Synthes,False,26,Cortez-Watson,Clubfoot Correction,Titanium Elastic Nails,2026-05-04T21:07:18.242404
4840,Mr Sullivan,Orthopaedics,Foot and Ankle,Small,Stryker,True,22,Fowler PLC,Lateral Ligament Reconstruction,Small Bone Fixation Set,2026-05-04T21:07:18.242404
9374,Miss Gutierrez,Orthopaedics,Trauma,Medium,Arthrex V300,True,7,French and Sons,Removal of Metalwork from Foot,Hand Set,2026-05-04T21:07:18.242404
5697,Miss Goodwin,Orthopaedics,Trauma,Large,Smith & Nephew,True,11,Suarez and Sons,Weil Osteotomy,Hand Set Extras,2026-05-04T21:07:18.242404
3020,Mr Smith,Orthopaedics,Trauma,Extra Large,Smith & Nephew,False,15,Maldonado-Rogers,Removal of Metalwork from Foot,AO Synthes Chisel Set,2026-05-04T21:07:18.242404
5697,Miss Goodwin,Orthopaedics,Trauma,Large,Smith & Nephew,True,11,Suarez and Sons,Femoral Nail Removal,Conmed Small Joint Set,2026-05-04T21:07:18.242404
6857,Miss Schneider,Orthopaedics,Foot and Ankle,Large,Medtronic,True,24,"Jones, Valentine and Brown",Hallux Valgus Correction,Hallux Valgus Set,2026-05-04T21:07:18.242404
9072,Mrs Price,Orthopaedics,Joints,Small,Smith & Nephew,False,25,Anderson-Delgado,Anatomical Shoulder Replacement,J&J PFC Knee Retractors,2026-05-04T21:07:18.242404
5434,Mrs Solis,Orthopaedics,Spine,Large,Depuy Synthes,False,18,"Edwards, Bishop and Bullock",Lumbar Spinal Fusion,Spinal Instrumentation Set,2026-05-04T21:07:18.242404
5697,Miss Goodwin,Orthopaedics,Trauma,Large,Smith & Nephew,True,11,Suarez and Sons,MTPJ Fusion,Conmed Small Joint Set,2026-05-04T21:07:18.242404
1154,Ms Mcdaniel,Orthopaedics,Paediatric,Small,Depuy Synthes,False,26,Cortez-Watson,Paediatric Fracture Fixation,Pfizer Mini Hip Kit,2026-05-04T21:07:18.242404
5434,Mrs Solis,Orthopaedics,Spine,Large,Depuy Synthes,False,18,"Edwards, Bishop and Bullock",Anterior Cervical Discectomy,McCulloch Lumbar Retractor Set,2026-05-04T21:07:18.242404
5697,Miss Goodwin,Orthopaedics,Trauma,Large,Smith & Nephew,True,11,Suarez and Sons,Weil Osteotomy,Acumed Acutrak Screw Removal Set,2026-05-04T21:07:18.242404
8607,Ms Wood,Orthopaedics,Trauma,Extra Large,Stryker,True,5,"Bryant, Payne and Fowler",Femoral Nail Removal,Hand Set Extras,2026-05-04T21:07:18.242404
3020,Mr Smith,Orthopaedics,Trauma,Extra Large,Smith & Nephew,False,15,Maldonado-Rogers,Femoral Nail Removal,Tornier Humeral Fracture Set,2026-05-04T21:07:18.242404
7186,Ms Scott,Orthopaedics,Joints,Small,Smith & Nephew,True,23,Peterson-Marsh,Total Knee Replacement,Norfolk and Norwich Retractors,2026-05-04T21:07:18.242404
5697,Miss Goodwin,Orthopaedics,Trauma,Large,Smith & Nephew,True,11,Suarez and Sons,Removal of Metalwork from Foot,Tornier Humeral Fracture Set,2026-05-04T21:07:18.242404
4840,Mr Sullivan,Orthopaedics,Foot and Ankle,Small,Stryker,True,22,Fowler PLC,Achilles Tendon Repair,Achilles Tendon Repair Kit,2026-05-04T21:07:18.242404
7585,Mr King,Orthopaedics,Joints,Large,Zimmer Biomet,True,25,Shields-Hall,Reverse Total Shoulder Replacement,Stryker System 6 Retractors,2026-05-04T21:07:18.242404
6739,Mr Lopez,Orthopaedics,Trauma,Large,Depuy Synthes,True,11,Dalton-Carter,DIPJ/PIPJ Fusion,Conmed Small Joint Set,2026-05-04T21:07:18.242404
8607,Ms Wood,Orthopaedics,Trauma,Extra Large,Stryker,True,5,"Bryant, Payne and Fowler",TMTJ Fusion,Synthes Distal Radius Plate Set,2026-05-04T21:07:18.242404
5017,Mr Rodriguez,Orthopaedics,Paediatric,Medium,Zimmer Biomet,True,24,Howard-Gordon,Paediatric Femoral Osteotomy,Pfizer Mini Hip Kit,2026-05-04T21:07:18.242404
5118,Mrs Banks,Orthopaedics,Paediatric,Large,Depuy Synthes,False,22,Newman Group,Clubfoot Correction,Titanium Elastic Nails,2026-05-04T21:07:18.242404
7585,Mr King,Orthopaedics,Joints,Large,Zimmer Biomet,True,25,Shields-Hall,Uncemented Hip Replacement,Initial Retractors,2026-05-04T21:07:18.242404
5697,Miss Goodwin,Orthopaedics,Trauma,Large,Smith & Nephew,True,11,Suarez and Sons,Tibial Plateau Fracture Fixation,Hand Set,2026-05-04T21:07:18.242404
5017,Mr Rodriguez,Orthopaedics,Paediatric,Medium,Zimmer Biomet,True,24,Howard-Gordon,Paediatric Fracture Fixation,Paediatric Orthopaedic Set,2026-05-04T21:07:18.242404
9072,Mrs Price,Orthopaedics,Joints,Small,Smith & Nephew,False,25,Anderson-Delgado,Unicompartmental Knee Replacement,Muller Basic Hip Set,2026-05-04T21:07:18.242404
7655,Ms Nielsen,Orthopaedics,Paediatric,Large,Arthrex V300,True,13,Miller-Ellis,Clubfoot Correction,Micro Screws Set,2026-05-04T21:07:18.242404
5017,Mr Rodriguez,Orthopaedics,Paediatric,Medium,Zimmer Biomet,True,24,Howard-Gordon,Paediatric Femoral Osteotomy,Pfizer Mini Hip Kit,2026-05-04T21:07:18.242404
4840,Mr Sullivan,Orthopaedics,Foot and Ankle,Small,Stryker,True,22,Fowler PLC,Triple Arthrodesis,Foot and Ankle Arthrodesis Set,2026-05-04T21:07:18.242404
7186,Ms Scott,Orthopaedics,Joints,Small,Smith & Nephew,True,23,Peterson-Marsh,Reverse Total Shoulder Replacement,Muller Basic Hip Set,2026-05-04T21:07:18.242404
5152,Mr Andrade,Orthopaedics,Joints,Extra Large,Stryker,True,11,Price Inc,Patellofemoral Joint Replacement,Arthrex Arthroscopy Set,2026-05-04T21:07:18.242404
6857,Miss Schneider,Orthopaedics,Foot and Ankle,Large,Medtronic,True,24,"Jones, Valentine and Brown",Achilles Tendon Repair,Foot and Ankle Arthrodesis Set,2026-05-04T21:07:18.242404
6857,Miss Schneider,Orthopaedics,Foot and Ankle,Large,Medtronic,True,24,"Jones, Valentine and Brown",Hallux Valgus Correction,Small Bone Fixation Set,2026-05-04T21:07:18.242404
5118,Mrs Banks,Orthopaedics,Paediatric,Large,Depuy Synthes,False,22,Newman Group,Blount’s Disease Correction,Paediatric Orthopaedic Set,2026-05-04T21:07:18.242404
8607,Ms Wood,Orthopaedics,Trauma,Extra Large,Stryker,True,5,"Bryant, Payne and Fowler",Femoral Nail Removal,Mr. Mask Foot Instruments,2026-05-04T21:07:18.242404
